Datetime,Zone,Value,Trend,Residual
2017-01-01 00:00:00,Zone 1,29197.974683333334,29710.136519558153,1898.7125342141262
2017-01-01 10:00:00,Zone 1,26685.56962,29759.94689878425,1679.1338210571812
2017-01-02 10:00:00,Zone 1,26384.810126666667,29886.41222110585,-1912.718045011301
2017-01-02 11:00:00,Zone 1,28224.810126666667,29891.832226324652,-2229.373949051307
2017-01-02 12:00:00,Zone 1,29581.772151666664,29897.26022359488,-1777.2683928002625
2017-01-02 13:00:00,Zone 1,29485.56962,29902.695852899935,-1589.964878020768
2017-01-08 10:00:00,Zone 1,29874.43038,30767.45175125947,1957.2358176139787
2017-01-08 11:00:00,Zone 1,32192.40506166667,30773.123093513397,1756.291164605489
2017-01-11 07:00:00,Zone 1,21324.556963333333,30912.630504662324,-1979.7520991203455
2017-01-11 08:00:00,Zone 1,23224.303796666663,30908.201694058505,-1774.1721478343425
2017-01-14 23:00:00,Zone 1,28128.607594999998,30756.068165329874,-2829.753946652996
2017-01-15 00:00:00,Zone 1,25577.721518333332,30759.606387115517,-1713.6068643648177
2017-01-15 01:00:00,Zone 1,19373.164556666667,30763.181946419598,-3239.703800443367
2017-01-15 02:00:00,Zone 1,17353.924049999998,30766.79060798735,-3171.738091333973
2017-01-15 03:00:00,Zone 1,16338.227846666667,30770.428523331295,-3256.2062373696135
2017-01-15 04:00:00,Zone 1,15908.860761666665,30774.092457360774,-3518.8416893490357
2017-01-15 05:00:00,Zone 1,16288.607595000001,30777.779816002538,-3716.8325462237553
2017-01-15 06:00:00,Zone 1,17296.202531666666,30781.48851572798,-3952.705796728289
2017-01-15 07:00:00,Zone 1,14329.113923333332,30785.21690794955,-4528.152695273206
2017-01-15 08:00:00,Zone 1,15346.835443333335,30788.963767237994,-4328.5735755919595
2017-01-15 09:00:00,Zone 1,18377.72152,30792.72833222639,-4683.263780605201
2017-01-15 10:00:00,Zone 1,22342.278479999997,30796.510241398497,-4955.842480011906
2017-01-15 11:00:00,Zone 1,24767.594938333335,30800.30956148923,-5188.871441695566
2017-01-15 12:00:00,Zone 1,28669.367088333336,30804.126797439807,-3297.815275769113
2017-01-16 21:00:00,Zone 1,38437.46835666667,30950.174166164765,-1957.3156548685365
2017-01-18 08:00:00,Zone 1,27029.873418333333,31261.531685089773,1698.7344315492228
2017-01-18 09:00:00,Zone 1,30353.41772166667,31273.879089379374,1831.969901690787
2017-01-18 10:00:00,Zone 1,34226.83544166666,31286.37573372698,2437.0293839950427
2017-01-18 11:00:00,Zone 1,36638.98734166667,31299.015323333184,2193.8673590957733
2017-01-18 12:00:00,Zone 1,37590.88607666667,31311.791107904628,1727.2315215253657
2017-01-18 13:00:00,Zone 1,38044.55696,31324.695595682006,1909.3620470844508
2017-01-18 14:00:00,Zone 1,38087.088606666664,31337.720545374836,2604.4016882180404
2017-01-18 15:00:00,Zone 1,37466.32911166667,31350.856823104572,2493.353671352299
2017-01-18 16:00:00,Zone 1,36839.49367166666,31364.09397505685,2828.440963290348
2017-01-18 17:00:00,Zone 1,39201.01265833333,31377.419783967525,2198.0452902207326
2017-01-19 17:00:00,Zone 1,39614.17721666666,31686.201511967392,1715.8355972609752
2017-01-20 16:00:00,Zone 1,31493.670886666663,31871.572325416826,-2590.699498781829
2017-01-20 17:00:00,Zone 1,34504.30379666667,31876.164788144404,-2698.0143338084235
2017-01-22 08:00:00,Zone 1,22428.354430000003,31947.19091227884,1715.490642544839
2017-01-22 10:00:00,Zone 1,30362.531646666666,31948.67387655846,1753.6699438237265
2017-01-22 11:00:00,Zone 1,33944.303795,31949.429653367086,2556.653434022068
2017-01-22 12:00:00,Zone 1,35265.822785000004,31950.199048695154,2380.1049746649587
2017-01-22 13:00:00,Zone 1,36174.177213333336,31950.98437227363,1980.455361368975
2017-01-24 10:00:00,Zone 1,30943.797466666667,31977.213028453756,-1939.3909231781872
2017-01-24 11:00:00,Zone 1,30931.645568333333,31976.20721732311,-3812.0600819695355
2017-01-24 12:00:00,Zone 1,32190.37974666667,31975.037467267688,-3430.644306015238
2017-01-24 13:00:00,Zone 1,32623.797468333334,31973.701349907165,-3078.649134477175
2017-01-24 14:00:00,Zone 1,33369.113925000005,31972.197759050006,-1774.357654037136
2017-01-27 16:00:00,Zone 1,35521.012656666666,31613.079450872327,1939.58060759004
2017-01-27 17:00:00,Zone 1,38371.64557,31608.498042645806,2121.9299520691784
2017-01-29 16:00:00,Zone 1,28972.151898333334,31421.168945297548,-1728.763568234237
2017-01-29 17:00:00,Zone 1,30597.468353333334,31416.394716486768,-1832.7197409471955
2017-01-29 18:00:00,Zone 1,38810.126581666664,31411.536408028336,-1576.6869805234928
2017-01-29 19:00:00,Zone 1,39474.43038,31406.595087960308,-1709.225590121423
2017-01-29 20:00:00,Zone 1,40016.20253166666,31401.572526500015,-1641.5311265141681
2017-02-09 17:00:00,Zone 1,33030.508473333335,30628.656773078776,-1655.8020079504095
2017-02-10 09:00:00,Zone 1,24009.152543333334,30718.24017607815,-2691.8416524464446
2017-02-10 10:00:00,Zone 1,28217.288136666666,30722.61550286851,-1847.7472528307699
2017-02-10 11:00:00,Zone 1,30434.237288333334,30726.83598097687,-2024.411344467273
2017-02-10 12:00:00,Zone 1,30773.898306666666,30730.902148105328,-1637.206138921505
2017-02-10 16:00:00,Zone 1,35199.66101833333,30745.66110207055,2042.8638399387455
2017-02-10 17:00:00,Zone 1,36808.47457666667,30748.991037277006,2322.6204701664137
2017-02-12 17:00:00,Zone 1,34186.77966166667,30836.047675398662,2624.10224300098
2017-02-12 18:00:00,Zone 1,41546.44067833333,30838.400002891933,2565.606550966724
2017-02-12 19:00:00,Zone 1,42897.96610166667,30840.834508836444,2211.68012921387
2017-02-12 20:00:00,Zone 1,43332.20339,30843.351293931544,2172.1041423942697
2017-02-13 09:00:00,Zone 1,29490.508475,30882.58015486637,1933.7203131915776
2017-02-13 10:00:00,Zone 1,32599.322035,30885.980005862428,1928.475497225987
2017-02-13 11:00:00,Zone 1,34753.22034,30889.41495869316,1678.66077706539
2017-02-13 12:00:00,Zone 1,36746.440676666665,30892.88105461063,1769.510811353277
2017-02-13 13:00:00,Zone 1,38398.98305166667,30896.37411730116,2918.8867756149484
2017-02-13 15:00:00,Zone 1,35532.20339,30903.42274959517,1867.7183116098313
2017-02-13 21:00:00,Zone 1,42099.66101833333,30924.676146325266,1841.0489695469878
2017-02-14 13:00:00,Zone 1,32945.08474666667,30975.764033097887,-1761.6155271474563
2017-02-14 14:00:00,Zone 1,32275.93220333333,30978.47120927884,-1632.5464644354215
2017-02-14 15:00:00,Zone 1,28078.98305,30981.102606907072,-4510.475170016598
2017-02-14 16:00:00,Zone 1,28557.966103333336,30983.654836416772,-3643.72279692801
2017-02-14 17:00:00,Zone 1,29089.83050833333,30986.12503446972,-4308.294503808011
2017-02-14 18:00:00,Zone 1,37495.93220166666,30988.511144243857,-3594.4032514548926
2017-02-14 19:00:00,Zone 1,38586.101695,30990.81196026016,-3461.1011552768614
2017-02-14 20:00:00,Zone 1,37998.305085,30993.02684025215,-3910.713847640647
2017-02-14 21:00:00,Zone 1,36932.54237333333,30995.155766341173,-2902.3087891030664
2017-02-15 09:00:00,Zone 1,26426.440678333336,31014.84316427523,-2305.9303378981167
2017-02-15 10:00:00,Zone 1,28178.644068333335,31016.08176225296,-2856.3116805501013
2017-02-15 11:00:00,Zone 1,30052.881355,31017.271996101834,-3169.2214080123376
2017-02-16 16:00:00,Zone 1,31673.89830333333,31052.022504160006,-1760.2924411594759
2017-02-19 12:00:00,Zone 1,30230.847456666666,31460.14844777309,-2160.2027412332973
2017-02-19 18:00:00,Zone 1,41199.66101833333,31498.487104029387,1872.3397248374386
2017-02-20 17:00:00,Zone 1,38658.305085,31576.962711500666,2587.3281293644613
2017-02-21 12:00:00,Zone 1,37352.54237333334,31578.111873472797,1832.828971700892
2017-02-21 13:00:00,Zone 1,38071.525425,31577.20535657034,2264.4634016402997
2017-02-21 14:00:00,Zone 1,37189.83050833333,31576.225068722273,1829.6571961859263
2017-02-21 15:00:00,Zone 1,36151.52542333333,31575.173443456813,1793.7473421152827
2017-02-21 17:00:00,Zone 1,37351.52542333333,31572.8643432431,2549.27120654385
2017-02-22 07:00:00,Zone 1,25612.881355,31549.72112248293,1785.2608795790438
2017-02-22 08:00:00,Zone 1,28191.864408333335,31547.630147854205,1690.580858037447
2017-02-22 19:00:00,Zone 1,42101.69491666667,31521.388932652113,-1727.3818118979761
2017-02-22 20:00:00,Zone 1,42027.457625,31518.731302078548,-1783.9190093196376
2017-02-22 21:00:00,Zone 1,40299.661016666665,31516.03312658691,-1595.7611152171048
2017-02-23 12:00:00,Zone 1,38513.89830666667,31471.577164235863,2033.0984474769466
2017-03-02 11:00:00,Zone 1,32082.38298,30947.280502783313,-2024.3282085979445
2017-03-02 12:00:00,Zone 1,33054.63829833333,30948.161609867442,-1888.6000415160452
2017-03-08 19:00:00,Zone 1,45448.851063333335,31188.635358096624,1835.449431873756
2017-03-08 20:00:00,Zone 1,46439.48936166667,31187.312054573886,2605.3943654545146
2017-03-08 21:00:00,Zone 1,44317.276595,31185.968959520764,2155.3903101641954
2017-03-08 22:00:00,Zone 1,40614.12765833333,31184.60467507481,2002.7348787549745
2017-03-09 19:00:00,Zone 1,41514.893618333335,31150.16891239618,-1735.6011008214118
2017-03-09 20:00:00,Zone 1,41502.6383,31148.28111197033,-1831.2103375709048
2017-03-14 13:00:00,Zone 1,33628.595745,31321.077542249004,-1667.4184246797195
2017-03-15 17:00:00,Zone 1,36040.851065,31388.631250746505,1986.911240496789
2017-03-16 12:00:00,Zone 1,38144.68085166667,31398.488992457504,1944.254686930326
2017-03-16 13:00:00,Zone 1,38195.74468,31398.235862764726,2413.552403903428
2017-03-16 14:00:00,Zone 1,37111.148935,31397.911558428186,2243.8974237574184
2017-03-16 15:00:00,Zone 1,36306.382978333335,31397.516826000166,1967.240409837541
2017-03-16 16:00:00,Zone 1,35761.02127666667,31397.05241861781,2206.090156100774
2017-03-16 17:00:00,Zone 1,35885.617021666665,31396.518896778456,2518.306955916225
2017-03-16 18:00:00,Zone 1,41169.70212833334,31395.91655260356,1701.680773062395
2017-03-19 10:00:00,Zone 1,30687.31915,31177.47555691738,1762.5496503109534
2017-03-21 09:00:00,Zone 1,26937.191488333334,30872.217700361572,-1600.3909690276596
2017-03-21 10:00:00,Zone 1,28802.042553333333,30866.662290058808,-2294.548982904478
2017-03-21 11:00:00,Zone 1,30299.234041666667,30861.207099110296,-2164.7130613394693
2017-03-26 19:00:00,Zone 1,43888.340425,31056.60096988451,1705.9124011634085
2017-03-26 20:00:00,Zone 1,44697.19148833334,31062.83424992292,1744.3298034308682
2017-03-27 11:00:00,Zone 1,37037.617021666665,31159.21392212452,2375.4948041446805
2017-03-28 11:00:00,Zone 1,29925.446808333334,31319.706951731707,-3934.470366149457
2017-03-28 23:00:00,Zone 1,27982.97872166667,31388.015346145887,-2587.5857327274134
2017-03-29 00:00:00,Zone 1,24418.723401666666,31393.126756487018,-2090.6623063278857
2017-03-29 19:00:00,Zone 1,47172.76595666667,31471.325367394886,1685.203543052863
2017-04-01 20:00:00,Zone 1,45439.31108666666,31480.13639987234,1682.5038391320413
2017-04-02 11:00:00,Zone 1,29880.904198333334,31449.660333567415,-2182.975893663177
2017-04-02 12:00:00,Zone 1,30542.260495,31447.30171388855,-1748.2277907427888
2017-04-02 18:00:00,Zone 1,30593.928955,31432.499482195486,-1708.5631011820478
2017-04-09 18:00:00,Zone 1,33976.146393333336,31241.27027865942,2015.249568998861
2017-04-10 11:00:00,Zone 1,31670.699676666667,31215.714314426717,-2623.080058767624
2017-04-20 12:00:00,Zone 1,25135.672765,31096.719468680756,-9259.905992222662
2017-04-20 13:00:00,Zone 1,26646.458558333336,31095.951992166043,-7325.795075437189
2017-04-20 14:00:00,Zone 1,26328.180836666666,31095.115239476825,-6847.580009193185
2017-04-20 15:00:00,Zone 1,26119.440261666667,31094.209888634578,-6618.507706795226
2017-04-20 16:00:00,Zone 1,25538.68676,31093.237161071607,-6292.12256709471
2017-04-20 17:00:00,Zone 1,25485.98492833333,31092.19877581505,-6151.902965418358
2017-04-20 18:00:00,Zone 1,28221.31324,31091.096939110623,-6201.024402248357
2017-04-20 19:00:00,Zone 1,38414.467168333336,31089.934399292153,-4165.622573181838
2017-04-20 20:00:00,Zone 1,38565.33907333333,31088.714431804496,-4208.753664753171
2017-04-20 21:00:00,Zone 1,35907.51345333333,31087.440716067864,-4451.534358735356
2017-04-20 22:00:00,Zone 1,32022.04521,31086.117208162883,-3822.037381640155
2017-04-20 23:00:00,Zone 1,27656.060278333334,31084.74810383308,-2855.4416429834746
2017-04-21 00:00:00,Zone 1,24332.74488833333,31083.337700503223,-2288.2463273563408
2017-04-21 01:00:00,Zone 1,22202.970936666665,31081.890565605845,-1960.4619861062129
2017-04-21 09:00:00,Zone 1,35671.905275,31069.665604924885,3124.569065250289
2017-04-21 10:00:00,Zone 1,39382.734123333335,31068.150521439617,3575.23427654025
2017-04-21 11:00:00,Zone 1,41506.307856666666,31066.659774343992,3548.5657774641804
2017-04-21 12:00:00,Zone 1,40157.761033333336,31065.199262792266,5082.332277471214
2017-04-21 13:00:00,Zone 1,38984.88697666667,31063.774626059323,4412.650659743307
2017-04-21 14:00:00,Zone 1,38564.305705,31062.391201495582,4534.440037020551
2017-04-21 15:00:00,Zone 1,38298.72982,31061.05413794905,4916.3675507015105
2017-04-21 16:00:00,Zone 1,36286.75995666667,31059.768362621548,3755.203883041726
2017-04-21 17:00:00,Zone 1,34153.88589666667,31058.538524282794,2229.5925065234514
2017-04-21 18:00:00,Zone 1,36346.69537166667,31057.36921150969,1982.0214607280177
2017-04-22 18:00:00,Zone 1,36359.09580333334,31059.152622024358,1845.2517715873219
2017-04-24 10:00:00,Zone 1,31442.325081666666,31217.868529874748,-1817.3313710480688
2017-05-01 05:00:00,Zone 1,18836.983608333332,30825.206012485247,-1774.9463477144418
2017-05-01 06:00:00,Zone 1,18601.967213333333,30825.456278254842,-3223.3885370421667
2017-05-01 07:00:00,Zone 1,19919.737705,30825.78703738711,-3574.3212096081224
2017-05-01 08:00:00,Zone 1,22958.163935,30826.197128954325,-3067.986983142335
2017-05-01 09:00:00,Zone 1,26886.29508333333,30826.685435399904,-2268.256990274138
2017-05-01 10:00:00,Zone 1,29993.967213333333,30827.250741711046,-2120.8389955209386
2017-05-01 11:00:00,Zone 1,32098.62295,30827.891642329592,-1963.9881911139237
2017-05-01 12:00:00,Zone 1,32740.721311666668,30828.606466859295,-1919.6233067348512
2017-05-01 13:00:00,Zone 1,32058.754100000002,30829.393396435793,-1989.2151443092698
2017-05-01 14:00:00,Zone 1,31173.24590166667,30830.250616756173,-2103.7148261503207
2017-05-01 15:00:00,Zone 1,30457.70492,30831.17648635841,-2246.533449701754
2017-05-01 16:00:00,Zone 1,29796.721309999997,30832.169645658443,-2433.823199739989
2017-05-01 17:00:00,Zone 1,29326.688523333334,30833.22910318037,-2970.5064907895357
2017-05-01 18:00:00,Zone 1,30692.721311666668,30834.354069924506,-3305.194798043849
2017-05-01 19:00:00,Zone 1,39858.360655000004,30835.543965782803,-2597.9169183403937
2017-05-02 08:00:00,Zone 1,28506.229506666667,30857.06610101619,1974.931433812224
2017-05-02 09:00:00,Zone 1,31108.19672333333,30859.22719473184,1703.4428725147263
2017-05-02 10:00:00,Zone 1,34345.96721166667,30861.470949059534,1829.169125964996
2017-05-03 08:00:00,Zone 1,24099.67212833333,30937.25746983459,-2666.6289360470037
2017-05-03 09:00:00,Zone 1,26833.836066666667,30942.089724319612,-2809.162259736375
2017-05-03 10:00:00,Zone 1,29534.426228333334,30947.051550421416,-2983.674034448479
2017-05-03 11:00:00,Zone 1,31110.295083333334,30952.143712527406,-2937.807828265035
2017-05-03 12:00:00,Zone 1,31223.606556666666,30957.367148607886,-2979.804126366049
2017-05-03 13:00:00,Zone 1,31087.213115000002,30962.722534969005,-2661.2275980842314
2017-05-03 14:00:00,Zone 1,30868.983606666665,30968.209660132397,-2123.03352276847
2017-05-04 17:00:00,Zone 1,34318.688525,31160.490685633336,2270.1623007255585
2017-05-04 18:00:00,Zone 1,36811.54098333333,31169.067894619897,3047.7256526409037
2017-05-04 19:00:00,Zone 1,43979.54098166667,31177.73778379394,1857.2049892680334
2017-05-09 08:00:00,Zone 1,25404.85246,31968.719986575015,-2973.3585465303986
2017-05-09 09:00:00,Zone 1,28254.42623,31971.279164885338,-2829.6386352388654
2017-05-09 10:00:00,Zone 1,31618.098361666664,31973.797105161822,-2201.1850901841535
2017-05-10 09:00:00,Zone 1,32883.40983833333,32028.756123553427,1735.8258107981565
2017-05-13 15:00:00,Zone 1,30703.213115000002,32165.568837573257,-2365.084648340555
2017-05-14 06:00:00,Zone 1,19353.18033,32177.577970903018,-1680.1063527788792
2017-05-19 12:00:00,Zone 1,33972.45901666667,32417.055587496998,-1595.2220496886112
2017-05-19 13:00:00,Zone 1,34064.786885,32421.43015225761,-1683.4235374941636
2017-05-19 15:00:00,Zone 1,32539.278688333332,32430.161565578834,-1905.948008692896
2017-05-20 00:00:00,Zone 1,28993.04917833333,32469.335882817926,-1635.2302620449045
2017-05-20 17:00:00,Zone 1,31238.29508333333,32546.24293623792,-1911.0110941819912
2017-05-20 18:00:00,Zone 1,32211.934425,32550.965478338767,-2057.3937816093676
2017-05-20 19:00:00,Zone 1,38849.049179999995,32555.71849969394,-2015.8810961234412
2017-05-25 02:00:00,Zone 1,26233.704916666666,33355.56238434585,-2406.359029997875
2017-05-25 03:00:00,Zone 1,25826.622951666664,33363.334268880666,-1753.9704856083117
2017-05-26 02:00:00,Zone 1,27060.459016666664,33518.35899308079,-3292.169512580036
2017-05-26 03:00:00,Zone 1,26527.47541,33524.2404623029,-1994.01770108446
2017-05-26 10:00:00,Zone 1,35151.737705,33563.86056640431,1765.8930385702333
2017-05-26 18:00:00,Zone 1,35241.96721333333,33606.78535585865,-2364.093827630666
2017-05-26 19:00:00,Zone 1,41341.901640000004,33612.0187631241,-1729.729486102071
2017-05-26 22:00:00,Zone 1,45469.37704833333,33627.529820606425,1781.2922324026804
2017-05-26 23:00:00,Zone 1,41155.14754,33632.633510558546,1826.8618029181307
2017-05-27 02:00:00,Zone 1,36895.47541000001,33647.728103623864,2982.6157154792527
2017-05-27 03:00:00,Zone 1,32877.114754999995,33652.68411154683,2181.638044451727
2017-05-27 08:00:00,Zone 1,24122.75409833333,33676.879166332226,-1983.4868610062076
2017-05-27 09:00:00,Zone 1,27159.081965,33681.60362034227,-1941.4636543781853
2017-05-27 10:00:00,Zone 1,30459.803278333333,33686.292371778596,-1693.3094004390732
2017-05-27 19:00:00,Zone 1,45769.44262166667,33727.217891849374,2012.7785283922058
2017-05-28 02:00:00,Zone 1,37925.77049166666,33758.189172428356,2401.543540455321
2017-05-28 17:00:00,Zone 1,36356.19672166667,33825.7516283307,2544.990048661137
2017-05-28 18:00:00,Zone 1,39952.786883333334,33830.37574525378,3240.8622746412875
2017-05-31 11:00:00,Zone 1,29920.52459,34170.01087030563,-2822.930276840176
2017-05-31 12:00:00,Zone 1,32404.983606666665,34173.83951647758,-1641.4813022164453
2017-06-02 17:00:00,Zone 1,38253.77483333334,34296.89555091289,1830.1569714616708
2017-06-02 18:00:00,Zone 1,42278.145695,34298.58498383055,2275.876310284926
2017-06-03 11:00:00,Zone 1,34617.21854166667,34329.88272295265,1837.9663333193457
2017-06-03 12:00:00,Zone 1,35861.19205333333,34331.89766827673,1738.404124487497
2017-06-03 13:00:00,Zone 1,36700.39735,34333.92708043977,2542.689293023759
2017-06-03 14:00:00,Zone 1,36768.21192,34335.96881702884,2261.232709276468
2017-06-03 15:00:00,Zone 1,36537.21854666666,34338.02110703838,1840.8389007436344
2017-06-03 16:00:00,Zone 1,36865.695365,34340.08276689793,2089.070280391097
2017-06-04 13:00:00,Zone 1,28460.927151666667,34382.41168697478,-2140.4877453415756
2017-06-04 14:00:00,Zone 1,28441.854301666666,34384.21009006028,-2750.3292059935156
2017-06-04 15:00:00,Zone 1,28819.072846666666,34385.976613015664,-3136.434938735896
2017-06-04 16:00:00,Zone 1,29156.02649,34387.710632578535,-2990.130726244959
2017-06-04 17:00:00,Zone 1,31972.450331666667,34389.41182640971,-2164.2675479588434
2017-06-06 10:00:00,Zone 1,27988.344371666666,34434.824305324066,-1885.1422729687329
2017-06-06 11:00:00,Zone 1,29910.463576666665,34435.39490080761,-1955.9520462777473
2017-06-06 13:00:00,Zone 1,34990.19867666667,34436.47207433734,1991.3805427898405
2017-06-07 12:00:00,Zone 1,31614.304634999997,34450.147352304746,-1937.5795847416448
2017-06-07 13:00:00,Zone 1,29624.370861666666,34451.37556340474,-3751.76700481413
2017-06-07 14:00:00,Zone 1,31578.278145,34452.71649528537,-2793.2209694090016
2017-06-14 10:00:00,Zone 1,29666.754968333335,35094.18396599598,-1971.6438192680653
2017-06-20 07:00:00,Zone 1,26625.695365000003,36164.5870980092,1702.6960674746151
2017-06-20 08:00:00,Zone 1,29183.57616,36172.970798604685,2303.296492330759
2017-06-20 09:00:00,Zone 1,32216.158939999998,36181.350062152254,2646.3268283158395
2017-06-20 10:00:00,Zone 1,33517.350991666666,36189.7256545488,2208.2389596485227
2017-06-20 14:00:00,Zone 1,39328.21192,36223.17213884068,1753.0065074279482
2017-06-23 11:00:00,Zone 1,34994.437086666665,35771.63447975046,1880.2492687908161
2017-06-23 17:00:00,Zone 1,38393.642385,35585.61499704451,1682.2589999196643
2017-06-23 18:00:00,Zone 1,41032.05297833333,35553.07187257509,2748.704481212226
2017-06-23 19:00:00,Zone 1,46881.05960166667,35520.13580285612,3471.067581626994
2017-06-23 20:00:00,Zone 1,48648.47682166666,35486.82470199154,2896.094733588143
2017-06-23 21:00:00,Zone 1,48631.52317833333,35453.156801907884,2773.9486370364393
2017-06-23 22:00:00,Zone 1,48349.66887666666,35419.15071396093,2339.433950792867
2017-06-23 23:00:00,Zone 1,47050.596026666666,35384.825417175176,2311.652798749259
2017-06-24 00:00:00,Zone 1,44744.900663333334,35350.19997188297,2423.20625522764
2017-06-24 01:00:00,Zone 1,43668.34436833334,35315.29357103953,2986.3108162591016
2017-06-24 02:00:00,Zone 1,43242.384105,35280.12558095953,3089.9847486827202
2017-06-24 03:00:00,Zone 1,36700.39735166667,35244.715508403504,1923.5072241186426
2017-06-24 15:00:00,Zone 1,37054.304635,34807.80668921545,1749.6645057863498
2017-06-24 16:00:00,Zone 1,37234.437085,34770.93787715778,2142.2545207582734
2017-06-24 17:00:00,Zone 1,38205.03311333333,34734.07754992913,2305.9003844687613
2017-06-24 18:00:00,Zone 1,39953.37748333334,34697.24242973569,2539.7002903036555
2017-06-24 19:00:00,Zone 1,46052.45033,34660.44882101279,3548.122941739821
2017-06-24 20:00:00,Zone 1,46965.827815,34623.712328812,1681.7208747754848
2017-06-25 01:00:00,Zone 1,41731.39073,34441.37586572417,2198.2986616776325
2017-06-25 02:00:00,Zone 1,40665.430465000005,34405.26656654569,2377.2318179089125
2017-06-25 09:00:00,Zone 1,25960.2649,34157.11761533424,1979.7063695125034
2017-06-25 10:00:00,Zone 1,28889.006624999998,34122.422995757974,2425.656311462968
2017-06-25 11:00:00,Zone 1,32061.45695333333,34087.93621100892,2850.6472167393076
2017-06-25 12:00:00,Zone 1,33629.668875,34053.66222345177,2916.181406943906
2017-06-25 13:00:00,Zone 1,35089.80132333333,34019.60525785712,3365.8413235727785
2017-06-25 14:00:00,Zone 1,35191.52317833334,33985.76884139057,3371.3623327160094
2017-06-25 15:00:00,Zone 1,35967.152318333334,33952.155760436115,4211.08022994623
2017-06-25 16:00:00,Zone 1,36098.543046666666,33918.768302245386,4469.093744981379
2017-06-25 17:00:00,Zone 1,36903.84105833333,33885.60823590149,4616.025971429277
2017-06-25 18:00:00,Zone 1,38400.0,33852.67660736313,4569.95594155859
2017-06-25 19:00:00,Zone 1,43602.649005,33819.97380240392,4837.259068035375
2017-06-25 20:00:00,Zone 1,46052.45033,33787.49958993526,3489.7330716311044
2017-06-25 21:00:00,Zone 1,47188.344371666666,33755.2529778879,3786.411775175802
2017-06-25 22:00:00,Zone 1,47624.900663333334,33723.23209808644,3854.6690198988217
2017-06-25 23:00:00,Zone 1,45874.43708333333,33691.43416314377,3510.952417981818
2017-06-26 00:00:00,Zone 1,43244.50331166667,33659.855533655915,3697.495183936495
2017-06-26 01:00:00,Zone 1,39896.15894166666,33628.49169133686,2928.205304131945
2017-06-26 02:00:00,Zone 1,36975.89404166667,33597.3372294855,1691.351897612345
2017-06-26 03:00:00,Zone 1,34055.62913833334,33566.385811525935,2271.887789256827
2017-06-26 04:00:00,Zone 1,29247.152318333334,33535.630229241666,1951.6844256344848
2017-06-26 07:00:00,Zone 1,25725.033111666668,33444.46380195985,2041.9496880938095
2017-06-26 10:00:00,Zone 1,28361.324503333333,33354.796009893405,-1995.46817895618
2017-06-26 11:00:00,Zone 1,29298.013245,33325.2054588979,-3633.944751017025
2017-06-26 12:00:00,Zone 1,30366.092713333335,33295.752343780696,-4080.8033680705958
2017-06-26 13:00:00,Zone 1,31029.403973333334,33266.43057864098,-3887.8044006376695
2017-06-26 14:00:00,Zone 1,30138.278145,33237.23499613179,-4733.136018378755
2017-06-26 15:00:00,Zone 1,28619.86755,33208.16128523816,-5554.129876422725
2017-06-26 16:00:00,Zone 1,27262.51655666667,33179.206055086215,-6171.847901891415
2017-06-26 17:00:00,Zone 1,26978.543043333335,33150.36682101057,-6357.666246596611
2017-06-26 18:00:00,Zone 1,27388.60927,33121.64184883319,-6447.567246680264
2017-06-26 19:00:00,Zone 1,30241.05960333333,33093.0299453092,-7810.234058247686
2017-06-26 20:00:00,Zone 1,36965.29801333333,33064.53053555711,-5953.800142262458
2017-06-26 21:00:00,Zone 1,37669.933775000005,33036.14362208195,-5656.2997724521665
2017-06-26 22:00:00,Zone 1,38543.04635833333,33007.869678493335,-4891.639868312672
2017-06-26 23:00:00,Zone 1,36671.78807833333,32979.709662835136,-4567.016810327932
2017-06-27 00:00:00,Zone 1,33083.97351166666,32951.66507936284,-4593.06253327362
2017-06-27 01:00:00,Zone 1,29334.039735,32923.737947048954,-5127.299663327267
2017-06-27 02:00:00,Zone 1,26822.781456666668,32895.93093414582,-5647.806668109653
2017-06-27 03:00:00,Zone 1,25659.337750000002,32868.247496836644,-4501.726768132088
2017-06-27 04:00:00,Zone 1,23590.99338,32840.691910136586,-2936.408098056232
2017-06-27 05:00:00,Zone 1,19806.092715000002,32813.26901474261,-2453.537009022377
2017-06-27 06:00:00,Zone 1,19726.622516666666,32785.983931249546,-2140.908665815943
2017-06-27 07:00:00,Zone 1,20535.099338333333,32758.842099310106,-3163.243452108174
2017-06-27 08:00:00,Zone 1,21747.284770000002,32731.84951348066,-3605.575736598119
2017-06-27 09:00:00,Zone 1,23980.927150000003,32705.012908997058,-3407.1843361182364
2017-06-27 10:00:00,Zone 1,26678.675495,32678.339924611915,-2455.694141153115
2017-06-27 11:00:00,Zone 1,28824.370863333334,32651.839182254644,-2251.6760405316127
2017-06-27 12:00:00,Zone 1,30031.258278333335,32625.519997661708,-2733.017322596599
2017-06-27 13:00:00,Zone 1,30807.947020000003,32599.391868072027,-3340.8658431532313
2017-06-27 14:00:00,Zone 1,31147.01986666667,32573.46446692904,-3081.299105160346
2017-06-27 15:00:00,Zone 1,30549.403973333334,32547.7481022302,-3452.3065982780063
2017-06-27 16:00:00,Zone 1,29710.198675000003,32522.253778602437,-3399.3916733408114
2017-06-27 17:00:00,Zone 1,28886.88742,32496.993092640336,-3966.6773551743936
2017-06-27 18:00:00,Zone 1,28581.721855,32471.978069509703,-4503.897741795969
2017-06-27 19:00:00,Zone 1,31793.377481666666,32447.220946430778,-5266.587702492659
2017-06-27 20:00:00,Zone 1,38812.18543,32422.734140062337,-3773.151360023963
2017-06-27 21:00:00,Zone 1,39542.251655,32398.530453056297,-3486.4508532060427
2017-06-27 22:00:00,Zone 1,40540.39735,32374.623239590357,-2449.0978996228187
2017-06-27 23:00:00,Zone 1,38295.09933833333,32351.026442651935,-2141.0714547736898
2017-06-28 00:00:00,Zone 1,34331.12583,32327.754537588615,-2226.207930287459
2017-06-28 01:00:00,Zone 1,30720.00000166667,32304.822518779863,-2495.8462626811743
2017-06-28 02:00:00,Zone 1,28618.807946666668,32282.245858398863,-2464.8480626826895
2017-06-28 03:00:00,Zone 1,27630.198676666667,32260.040461828503,-1787.1474682952285
2017-06-28 06:00:00,Zone 1,20461.986756666665,32195.812909313292,-1622.9241441211925
2017-06-29 08:00:00,Zone 1,23107.81456833333,31837.71394537655,-1781.5034626949491
2017-06-29 09:00:00,Zone 1,24614.569536666666,31832.108269037224,-2692.4922955495786
2017-06-29 10:00:00,Zone 1,27606.887418333336,31827.148592482663,-3060.2450164174516
2017-06-29 11:00:00,Zone 1,31222.251655,31822.836654345847,-2360.9508945426205
2017-06-29 17:00:00,Zone 1,34813.24503333333,31810.64948038108,1721.1826246830606
2017-07-02 08:00:00,Zone 1,24543.255815,32818.654812434346,1730.6568741417868
2017-07-02 10:00:00,Zone 1,29805.714286666665,32860.4920431767,1668.590562643738
2017-07-04 10:00:00,Zone 1,28598.006646666665,33695.362118847464,-4702.959316300126
2017-07-04 11:00:00,Zone 1,29396.41196166667,33709.588265820144,-4877.373463813059
2017-07-04 12:00:00,Zone 1,32630.431891666667,33723.65164197696,-3671.737557910019
2017-07-04 13:00:00,Zone 1,35105.38206,33737.55238352208,-2125.3974899759414
2017-07-04 14:00:00,Zone 1,34283.588039999995,33751.29175277256,-2719.745808428601
2017-07-05 11:00:00,Zone 1,38479.734220000006,34009.49706002408,1865.4035367031975
2017-07-06 10:00:00,Zone 1,38903.92026666667,34268.04052487051,3371.5330991333612
2017-07-06 11:00:00,Zone 1,41626.57807166667,34279.517895136276,4667.084745030916
2017-07-06 12:00:00,Zone 1,41947.641196666664,34291.03690773695,3122.948051829284
2017-07-06 13:00:00,Zone 1,41978.47176,34302.59869730383,2433.554990603152
2017-07-06 14:00:00,Zone 1,42170.89701166667,34314.203826473364,3033.6381346644193
2017-07-06 15:00:00,Zone 1,41335.28239,34325.852500084104,2596.8744504069473
2017-07-06 16:00:00,Zone 1,40014.883721666665,34337.5446080159,2427.350565001325
2017-07-07 11:00:00,Zone 1,29575.016611666666,34567.025235221176,-5924.505746054107
2017-07-07 12:00:00,Zone 1,34616.345515,34579.42173142425,-1902.7083254405552
2017-07-07 16:00:00,Zone 1,35562.524915,34629.21285005804,-1701.3351215433722
2017-07-09 18:00:00,Zone 1,31398.272425,35184.50068504171,-2202.9304290838118
2017-07-09 19:00:00,Zone 1,35979.26910333333,35192.0185419579,-2283.103530864173
2017-07-09 20:00:00,Zone 1,43803.85382166667,35199.33463785332,-1756.6926432030814
2017-07-09 21:00:00,Zone 1,43359.46843833334,35206.45378335322,-2078.630135161271
2017-07-09 22:00:00,Zone 1,40316.81063166667,35213.38156265512,-2976.7250241677975
2017-07-09 23:00:00,Zone 1,36859.534883333334,35220.12450316013,-2295.3430692751717
2017-07-11 10:00:00,Zone 1,38696.611295,35419.50849148137,1788.8754572553662
2017-07-11 11:00:00,Zone 1,40468.83721,35425.946002982186,1816.6198490663155
2017-07-11 12:00:00,Zone 1,41759.46844,35432.47715074632,2104.6739229538
2017-07-12 22:00:00,Zone 1,46186.31229333333,35692.195656607,1858.082202553458
2017-07-14 06:00:00,Zone 1,23240.930233333333,35933.9904697256,-1809.3164159726948
2017-07-14 08:00:00,Zone 1,29073.222591666665,35947.31587978911,-1645.8896674581702
2017-07-14 09:00:00,Zone 1,32071.229236666666,35953.85704676448,-1990.7629159386415
2017-07-14 10:00:00,Zone 1,35468.97009833334,35960.31632544244,-1644.2744720380506
2017-07-14 12:00:00,Zone 1,36262.059799999995,35972.986283573104,-2014.440633039514
2017-07-14 13:00:00,Zone 1,36270.564783333335,35979.19481931282,-2181.971332533103
2017-07-14 15:00:00,Zone 1,41266.17940166667,35991.35377950529,1736.9604829189702
2017-07-14 16:00:00,Zone 1,40442.25913833333,35997.30247434454,1888.4723192235688
2017-07-14 18:00:00,Zone 1,33525.58139666667,36008.93306955388,-2751.96820691882
2017-07-14 19:00:00,Zone 1,37721.727575000004,36014.61295456346,-3131.6403508853546
2017-07-14 20:00:00,Zone 1,44447.04318833334,36020.20156321274,-3106.575023746642
2017-07-14 21:00:00,Zone 1,43184.05315666667,36025.69853641775,-3716.8386578519967
2017-07-14 22:00:00,Zone 1,41004.65116166666,36031.103842797376,-3619.9672732031795
2017-07-14 23:00:00,Zone 1,36070.697674999996,36036.41781135116,-3913.0279547468162
2017-07-15 00:00:00,Zone 1,31709.767441666667,36041.64116134518,-3371.6587804598093
2017-07-15 01:00:00,Zone 1,28082.392024999997,36046.77500606836,-3424.6277544457516
2017-07-15 02:00:00,Zone 1,28507.641195,36051.82085639919,-1817.9625418724463
2017-07-22 21:00:00,Zone 1,46555.215945,36502.163791059815,-1891.2859202310865
2017-07-23 08:00:00,Zone 1,26100.730896666664,36575.81678767591,-1598.73031949703
2017-07-23 09:00:00,Zone 1,29397.475083333335,36583.21441762599,-1776.4360115861127
2017-07-23 10:00:00,Zone 1,32210.49833833333,36590.7434394595,-2009.2500224181495
2017-07-23 11:00:00,Zone 1,34497.27574833333,36598.406592187996,-2184.3860731536843
2017-07-23 12:00:00,Zone 1,35067.109635,36606.2065855637,-2184.1582498374846
2017-07-23 13:00:00,Zone 1,36160.0,36614.146101061386,-1596.4922759787878
2017-07-23 14:00:00,Zone 1,35332.89036666667,36622.227870065675,-1819.1580270463019
2017-07-23 15:00:00,Zone 1,34722.65781,36630.45468778047,-1590.6548412401607
2017-07-24 17:00:00,Zone 1,40002.126245,36903.124774656775,1741.9954474377519
2017-07-24 18:00:00,Zone 1,40194.551495,36915.899882143,1728.0194843927238
2017-07-30 23:00:00,Zone 1,42944.85049833333,37568.5835188736,1757.6839357759309
2017-08-01 23:00:00,Zone 1,39844.79467333333,37371.845729333785,-1748.410057963425
2017-08-02 00:00:00,Zone 1,34744.328525,37368.10650284894,-1714.3251089035039
2017-08-03 12:00:00,Zone 1,38313.69589166667,37259.71451537837,-3525.6354600471823
2017-08-06 19:00:00,Zone 1,39190.58823666667,37282.890754643144,-3419.8440547637874
2017-08-06 20:00:00,Zone 1,44288.92341833334,37282.03427636377,-3301.002243477007
2017-08-06 21:00:00,Zone 1,43363.018866666665,37281.060443679555,-3472.173556509304
2017-08-06 22:00:00,Zone 1,40965.682575,37279.966159003,-3341.0248997917515
2017-08-06 23:00:00,Zone 1,37139.53385166667,37278.74872168271,-2957.432430519293
2017-08-07 00:00:00,Zone 1,33870.63262833333,37277.40583876639,-1896.0308762295172
2017-08-07 19:00:00,Zone 1,47799.68923333334,37227.77407584464,1795.7426315502962
2017-08-07 20:00:00,Zone 1,51844.26193166667,37223.99952453368,1740.163391191636
2017-08-08 09:00:00,Zone 1,37966.348503333335,37167.37962061007,1962.091545064679
2017-08-08 10:00:00,Zone 1,41257.62486166666,37162.52642626364,2198.4398044024274
2017-08-08 15:00:00,Zone 1,39029.70033166667,37137.34703487677,-1707.941196599677
2017-08-08 16:00:00,Zone 1,37978.068811666664,37132.12882775559,-1642.8259163447728
2017-08-09 10:00:00,Zone 1,35817.2697,37026.366800903255,-2608.73814056407
2017-08-10 07:00:00,Zone 1,26983.35183,36878.90110651849,-1579.559096602432
2017-08-10 08:00:00,Zone 1,30386.503885000002,36871.54763875244,-1691.7683437197702
2017-08-10 09:00:00,Zone 1,32472.719198333332,36864.17912752531,-2479.315280448449
2017-08-14 08:00:00,Zone 1,29126.037736666665,36594.14590268121,-1895.1609342558586
2017-08-14 09:00:00,Zone 1,32663.440619999998,36598.845984193424,-2169.6015890037597
2017-08-14 10:00:00,Zone 1,36462.952274999996,36603.5965264943,-1870.7301911721806
2017-08-14 11:00:00,Zone 1,38767.591565,36608.389972569865,-1920.849740615311
2017-08-14 12:00:00,Zone 1,39703.08546,36613.21868835123,-1988.8106356811986
2017-08-14 13:00:00,Zone 1,39973.71809166666,36618.074608494004,-1785.8361355317538
2017-08-14 14:00:00,Zone 1,39151.165368333335,36622.94909323926,-1842.0484302077602
2017-08-14 16:00:00,Zone 1,37270.588235,36632.71860886683,-1689.5835720100877
2017-08-25 02:00:00,Zone 1,26651.986681666665,36153.52798543339,-2049.615429399055
2017-08-27 18:00:00,Zone 1,37543.351833333334,35338.70241847692,1802.1881953738994
2017-08-27 19:00:00,Zone 1,46948.36847833334,35314.873377186,1777.3933047586834
2017-08-27 20:00:00,Zone 1,48300.46615,35290.68696250511,1769.8070646732085
2017-08-28 02:00:00,Zone 1,29278.401775000002,35138.35028129847,2069.7401281665007
2017-08-28 11:00:00,Zone 1,39606.12652666667,34889.326114027455,1857.127874774662
2017-08-30 02:00:00,Zone 1,20907.968921666667,33705.93646157511,-5076.024162500915
2017-08-30 03:00:00,Zone 1,22182.28635,33676.17174176369,-3769.8327865240535
2017-08-30 04:00:00,Zone 1,22458.246391666664,33646.50381862761,-3611.687477149968
2017-08-30 05:00:00,Zone 1,20207.946725,33616.936257621725,-3168.358891679909
2017-08-30 07:00:00,Zone 1,23227.52497166667,33558.1195398984,-2033.2803821033085
2017-08-31 06:00:00,Zone 1,21353.340733333334,32926.30644893392,-1767.3930299475542
2017-09-01 07:00:00,Zone 1,26579.469025,32388.277914175316,1680.8012617783133
2017-09-01 09:00:00,Zone 1,25233.982298333332,32353.358145995437,-4364.466489564056
2017-09-01 10:00:00,Zone 1,25694.86725666667,32336.37164154625,-5818.06218888946
2017-09-01 11:00:00,Zone 1,26633.62832,32319.705040198995,-6012.779685745743
2017-09-01 12:00:00,Zone 1,27513.9823,32303.362430846788,-4896.727573608197
2017-09-01 13:00:00,Zone 1,28093.805308333336,32287.34862975393,-4882.794071047792
2017-09-01 14:00:00,Zone 1,27412.035398333333,32271.669090546828,-5347.052792704137
2017-09-01 15:00:00,Zone 1,27099.823008333333,32256.32982131323,-5154.40101111721
2017-09-01 16:00:00,Zone 1,27426.90265666667,32241.337307067275,-4528.280746762499
2017-09-01 17:00:00,Zone 1,27732.743361666668,32226.698360145838,-3979.9664820453763
2017-09-01 18:00:00,Zone 1,30449.203540000002,32212.419887966906,-3692.0846637030445
2017-09-01 19:00:00,Zone 1,39862.30088333334,32198.508755380342,-3075.553159244857
2017-09-01 20:00:00,Zone 1,40723.539825,32184.971724041174,-2913.709987504546
2017-09-01 21:00:00,Zone 1,40700.17699166667,32171.815371958353,-2737.1023834581792
2017-09-01 22:00:00,Zone 1,39032.920353333335,32159.04599122954,-2337.8902931008233
2017-09-01 23:00:00,Zone 1,35453.097343333335,32146.669701310955,-1716.692225343355
2017-09-02 07:00:00,Zone 1,21473.628318333333,32062.495677737963,-2083.529154103282
2017-09-02 08:00:00,Zone 1,23731.327433333336,32053.902346010505,-1921.7236614570502
2017-09-02 09:00:00,Zone 1,26424.424776666667,32045.750685766754,-1785.1130663253352
2017-09-02 10:00:00,Zone 1,28523.893805,32038.043530292653,-1936.713102201982
2017-09-02 11:00:00,Zone 1,29686.725663333335,32030.78331337839,-2026.621467062414
2017-09-02 12:00:00,Zone 1,30864.42478,32023.972106172605,-1855.114019452998
2017-09-03 08:00:00,Zone 1,24966.371681666667,31984.79157782533,1793.1300314605105
2017-09-03 09:00:00,Zone 1,28180.884955,31987.77182480916,2138.334748529469
2017-09-03 10:00:00,Zone 1,30831.504423333332,31991.217671361734,2394.0097502552053
2017-09-03 11:00:00,Zone 1,32220.530971666667,31995.126129011802,2126.983833114249
2017-09-03 12:00:00,Zone 1,32968.141593333334,31999.49369121967,1723.757319802091
2017-09-04 18:00:00,Zone 1,33203.893805,32309.883838924277,-1658.5871084568644
2017-09-04 19:00:00,Zone 1,40947.61061833333,32324.636331471385,-2317.3684718185395
2017-09-06 08:00:00,Zone 1,24715.752215,32901.5593828543,-2891.814869256985
2017-09-06 09:00:00,Zone 1,28524.95575166667,32915.4096031814,-2294.4591401972684
2017-09-06 10:00:00,Zone 1,31214.867258333335,32929.05554566443,-2288.44313481712
2017-09-06 11:00:00,Zone 1,33336.637168333335,32942.49138368606,-2256.942795363826
2017-09-06 12:00:00,Zone 1,34204.247788333334,32955.71186824361,-2320.300306028603
2017-09-06 13:00:00,Zone 1,34374.15929166666,32968.71239889936,-2272.5363312170703
2017-09-06 14:00:00,Zone 1,33363.18584,32981.48914245058,-2419.7914445770293
2017-09-06 15:00:00,Zone 1,32099.46902666667,32994.03919853385,-2477.0303573305537
2017-09-06 16:00:00,Zone 1,31420.884955,33006.3608979695,-2177.1968814072206
2017-09-06 17:00:00,Zone 1,31989.026548333335,33018.45377709183,-1600.6592046553524
2017-09-08 12:00:00,Zone 1,36909.02654833333,33443.49314119557,1774.5244941098426
2017-09-08 14:00:00,Zone 1,36346.194690000004,33464.94925696389,1723.0185704753821
2017-09-08 15:00:00,Zone 1,35460.53097166667,33475.81727184696,1706.7995583752345
2017-09-08 16:00:00,Zone 1,35078.230090000005,33486.77390298261,1862.0711267239167
2017-09-08 17:00:00,Zone 1,34866.902655000005,33497.81505125843,1788.3990611797926
2017-09-14 13:00:00,Zone 1,40031.150441666665,34182.2168179961,1674.9672122854972
2017-09-21 07:00:00,Zone 1,24090.265485,33518.06895501729,-1695.8952681275514
2017-09-21 08:00:00,Zone 1,26820.53097333333,33520.68545021876,-1941.3536449003623
2017-09-21 09:00:00,Zone 1,29784.42477833333,33523.29869375354,-1775.553980416822
2017-09-21 10:00:00,Zone 1,32457.345133333336,33525.90616104893,-2346.141296271526
2017-09-21 11:00:00,Zone 1,33620.176993333334,33528.50598768595,-2875.820578671068
2017-09-22 06:00:00,Zone 1,22955.04424666667,33577.96335956018,-1683.7818897220532
2017-09-22 07:00:00,Zone 1,24216.637166666667,33580.72674177402,-1646.2287016052214
2017-09-23 11:00:00,Zone 1,36967.43363,33670.83242346083,1804.4641378191882
2017-09-23 12:00:00,Zone 1,37391.150441666665,33674.702890105786,1742.5916737853113
2017-09-25 09:00:00,Zone 1,33505.486723333335,33886.77483596706,2036.2620910272599
2017-09-25 10:00:00,Zone 1,36475.75221333333,33890.61534480148,1820.4372663419126
2017-09-26 08:00:00,Zone 1,26246.017698333333,33924.95481865189,-2682.855244621216
2017-09-26 09:00:00,Zone 1,28382.654868333335,33924.114047030846,-3615.7934955182573
2017-09-26 10:00:00,Zone 1,31012.035398333333,33923.07356092309,-4111.786545891704
2017-09-26 11:00:00,Zone 1,32550.796458333334,33921.837031251904,-4185.082978341481
2017-09-26 12:00:00,Zone 1,33681.76991333333,33920.40875799264,-3475.191659349235
2017-09-26 13:00:00,Zone 1,33869.734515,33918.79367786619,-2966.4333178947163
2017-09-26 14:00:00,Zone 1,34104.424778333334,33916.997276609254,-2500.5051028085145
2017-09-27 09:00:00,Zone 1,33692.38938,33858.21997383288,1788.3814066240957
2017-09-27 10:00:00,Zone 1,36396.10619666667,33854.43537360743,1810.5813892519145
2017-09-27 17:00:00,Zone 1,38288.495575,33827.849643038884,1748.0925620202834
2017-09-29 09:00:00,Zone 1,33910.08849666667,33726.43270250264,1666.83779293931
2017-09-30 08:00:00,Zone 1,25530.265486666667,33692.77516946373,-2622.3930647388333
2017-09-30 09:00:00,Zone 1,28381.59292,33690.889113682686,-2790.5749112323065
2017-09-30 10:00:00,Zone 1,31069.38053,33688.922581762905,-2921.7733231256498
2017-09-30 11:00:00,Zone 1,32345.840708333333,33686.87077525782,-3006.786940509108
2017-09-30 12:00:00,Zone 1,32590.088496666664,33684.729498373,-2977.7521045158646
2017-09-30 13:00:00,Zone 1,32114.336281666667,33682.49514953742,-3036.9785435089907
2017-09-30 14:00:00,Zone 1,31333.805308333333,33680.164610436674,-3198.5542918079955
2017-09-30 15:00:00,Zone 1,27793.274335,33677.73508440109,-5073.00846078313
2017-09-30 16:00:00,Zone 1,28722.477876666668,33675.20422305,-4196.817282144053
2017-09-30 17:00:00,Zone 1,31598.230088333334,33672.5705149308,-2907.7725848726186
2017-09-30 18:00:00,Zone 1,40024.77876,33669.83326497785,-2834.693057920511
2017-09-30 19:00:00,Zone 1,42151.858406666666,33666.99251164662,-3070.679404342107
2017-09-30 20:00:00,Zone 1,41875.752211666666,33664.048741605206,-2582.530677529834
2017-09-30 21:00:00,Zone 1,40586.54867333333,33661.00239920322,-2025.7353940259927
2017-10-04 11:00:00,Zone 1,34294.26695833333,33571.5620847487,-2137.3041465698298
2017-10-05 18:00:00,Zone 1,43146.43325833333,33673.02509219888,-1733.3420542612075
2017-10-05 19:00:00,Zone 1,44871.072210000006,33673.66672596532,-1696.265913928779
2017-10-05 21:00:00,Zone 1,41075.185995,33674.32870531904,-1607.4844867998108
2017-10-09 09:00:00,Zone 1,29099.343543333332,33712.09807569555,-2685.112860767993
2017-10-09 10:00:00,Zone 1,31765.076588333333,33715.67734058944,-2693.686396783105
2017-10-10 12:00:00,Zone 1,35093.56673666667,33804.067698041385,-1929.5889556013935
2017-10-10 13:00:00,Zone 1,35052.603938333334,33806.933952914806,-1811.5984852445436
2017-10-17 10:00:00,Zone 1,36863.369803333335,33726.490930474094,1839.0074580334986
2017-10-18 09:00:00,Zone 1,30146.52079,33588.477247017654,-2649.3589123890524
2017-10-18 10:00:00,Zone 1,31080.26258,33582.53296798539,-3542.8524207878945
2017-10-18 17:00:00,Zone 1,40553.17286666667,33540.93472267641,1820.95922232054
2017-10-24 18:00:00,Zone 1,46354.135669999996,31883.20114748789,1737.8108546645453
2017-10-25 10:00:00,Zone 1,36249.97812,31565.713551121673,2625.34742145555
2017-10-25 17:00:00,Zone 1,34308.97155333333,31426.45018796023,-2460.60665651576
2017-10-25 18:00:00,Zone 1,41463.807441666664,31406.56922744321,-2117.3745884481978
2017-10-25 19:00:00,Zone 1,41264.24507333333,31386.693972529312,-2005.7945655935728
2017-10-25 20:00:00,Zone 1,39878.862145,31366.825490525203,-1932.7021048929382
2017-10-25 21:00:00,Zone 1,36744.68271166666,31346.965040547704,-1772.529283104781
2017-10-27 06:00:00,Zone 1,21661.969363333334,30714.91687068995,-1747.8077576405085
2017-10-27 10:00:00,Zone 1,30771.466083333333,30644.001295817256,-1969.03057947856
2017-11-03 10:00:00,Zone 1,32288.205130000002,29279.930844224615,1818.617196077259
2017-11-05 15:00:00,Zone 1,25988.717946666668,28919.89689035154,-1801.1782910314869
2017-11-06 07:00:00,Zone 1,19325.128203333334,28850.281247512565,-2132.4943961947865
2017-11-06 08:00:00,Zone 1,21761.025641666667,28846.35733571372,-2012.7772377832152
2017-11-15 14:00:00,Zone 1,33918.97435833333,28901.732072278654,1722.612999482786
2017-11-20 08:00:00,Zone 1,20821.538461666667,28803.93964378648,-2569.7165976243705
2017-11-21 14:00:00,Zone 1,33545.641025,28793.60950588543,1904.9347338383668
2017-11-22 14:00:00,Zone 1,28447.179486666664,28856.072383335577,-2816.2622990118434
2017-11-26 14:00:00,Zone 1,30357.948716666666,29149.747951348807,1794.4601351347192
2017-11-27 09:00:00,Zone 1,25309.74359166667,29145.927696064642,-1591.9780579606158
2017-11-27 10:00:00,Zone 1,26924.102564999997,29143.728998403447,-2358.299374172959
2017-11-27 11:00:00,Zone 1,28562.051283333334,29141.332275692122,-2463.3018017689865
2017-11-27 12:00:00,Zone 1,28995.897436666666,29138.74010240812,-2920.970058000643
2017-11-27 13:00:00,Zone 1,29340.512821666667,29135.955711352133,-2678.0964092028225
2017-11-27 14:00:00,Zone 1,28779.48718,29132.982792140287,-2310.4486879229153
2017-11-29 11:00:00,Zone 1,33527.17948666667,28883.58583290106,2010.834142464002
2017-11-29 12:00:00,Zone 1,35287.17948666667,28877.371603122345,2630.6922238801926
2017-11-29 13:00:00,Zone 1,35091.282053333336,28871.2069449816,2311.7653442820883
2017-11-29 14:00:00,Zone 1,33104.615385000005,28865.09507560676,1894.583872387364
2017-11-29 15:00:00,Zone 1,32708.71794833333,28859.038897163846,1690.9289310830427
2017-11-29 16:00:00,Zone 1,34192.82051333333,28853.04114295469,2495.750863023375
2017-12-01 07:00:00,Zone 1,18551.07731333333,28676.013528528183,-2389.6940768676395
2017-12-01 08:00:00,Zone 1,20355.893536666666,28672.754013908696,-2734.88485547655
2017-12-01 09:00:00,Zone 1,23467.680608333332,28669.527340405526,-2629.2549380827804
2017-12-01 10:00:00,Zone 1,26351.3308,28666.330664822435,-2343.5721312727546
2017-12-01 11:00:00,Zone 1,28153.10519833333,28663.16133824891,-2006.0827339903044
2017-12-01 14:00:00,Zone 1,27616.730038333335,28653.795585347503,-1696.2669994855569
2017-12-01 15:00:00,Zone 1,26732.572878333332,28650.714508368303,-2369.208470195106
2017-12-01 16:00:00,Zone 1,26866.413181666667,28647.650497031274,-2570.89638679571
2017-12-01 17:00:00,Zone 1,32972.37008833333,28644.60150045733,-2398.5355744573317
2017-12-01 18:00:00,Zone 1,35566.032953333335,28641.565484400246,-2202.7549925820094
2017-12-01 19:00:00,Zone 1,35371.35614833333,28638.54030762258,-2055.5921164801293
2017-12-01 20:00:00,Zone 1,35434.220531666666,28635.523696581455,-1784.1826462958416
2017-12-09 16:00:00,Zone 1,31503.168566666664,29186.123924838357,1882.4369776816457
2017-01-11 07:00:00,Zone 2,12553.19149,19091.440096337443,-1918.3446568882937
2017-01-11 08:00:00,Zone 2,13730.699088333335,19095.127344874752,-1652.136663191126
2017-01-11 09:00:00,Zone 2,16246.200608333333,19098.938273671745,-1697.4237833973857
2017-01-11 10:00:00,Zone 2,18676.595746666666,19102.868175650347,-1697.7779134617922
2017-01-15 01:00:00,Zone 2,18797.56839,19542.77087041392,2502.2191450758764
2017-01-15 02:00:00,Zone 2,17645.592706666666,19549.8077477017,2711.1262847236903
2017-01-15 03:00:00,Zone 2,17217.62918,19556.920015700092,2890.305244554951
2017-01-15 04:00:00,Zone 2,16675.987841666665,19564.10553327262,2756.710220850993
2017-01-15 05:00:00,Zone 2,16886.322188333335,19571.36195834105,2734.4597944525085
2017-01-15 06:00:00,Zone 2,18062.613981666665,19578.68664304149,3042.921477740172
2017-01-15 07:00:00,Zone 2,16081.458966666667,19586.076608749387,3107.3802284287085
2017-01-15 08:00:00,Zone 2,16522.188449999998,19593.52855199571,3321.5553805102027
2017-01-15 09:00:00,Zone 2,18344.072948333334,19601.038814482647,3435.932913847704
2017-01-15 10:00:00,Zone 2,21274.164135000003,19608.603420023926,4152.776596927306
2017-01-15 11:00:00,Zone 2,22849.848023333336,19616.21815888914,4230.7733677895085
2017-01-15 12:00:00,Zone 2,20696.656536666665,19623.87849942329,2458.12577040993
2017-01-17 09:00:00,Zone 2,17615.197566666666,19929.07666112435,-1455.8918313993454
2017-01-17 10:00:00,Zone 2,17981.155016666668,19932.80927064928,-2251.858114360595
2017-01-17 11:00:00,Zone 2,18916.717325,19936.331920539986,-2374.8348157490327
2017-01-17 12:00:00,Zone 2,19438.297873333333,19939.6431305319,-2246.533431752854
2017-01-17 13:00:00,Zone 2,19026.13982,19942.74178796036,-2238.040844721283
2017-01-17 14:00:00,Zone 2,19285.106383333336,19945.627135426275,-2174.6543104730044
2017-01-17 15:00:00,Zone 2,20272.948326666665,19948.298705976587,-1549.0199806595228
2017-01-18 13:00:00,Zone 2,24000.000001666664,19955.146509650476,1691.1371945360224
2017-01-18 14:00:00,Zone 2,23947.720365,19953.362159262124,1764.4854962955615
2017-01-18 15:00:00,Zone 2,24553.79939,19951.43047687123,2093.5555229271376
2017-01-18 16:00:00,Zone 2,24492.401216666665,19949.356779966412,2467.8838660287474
2017-01-18 17:00:00,Zone 2,26514.893614999997,19947.146453972597,2449.404503613783
2017-01-22 07:00:00,Zone 2,9961.094225166666,19705.86485522822,-1788.4758197699048
2017-01-22 08:00:00,Zone 2,10365.349544333332,19702.251604321424,-1922.0084711795134
2017-01-22 09:00:00,Zone 2,12248.024318333335,19698.5654320557,-1810.9977389257474
2017-01-22 10:00:00,Zone 2,14082.06687,19694.8072139171,-1826.7217882195473
2017-01-22 11:00:00,Zone 2,14716.109423333333,19690.97834678268,-2548.289440738379
2017-01-22 12:00:00,Zone 2,14736.778116666666,19687.08073154932,-2885.2935363080433
2017-01-22 13:00:00,Zone 2,15202.431611666667,19683.116788622374,-2340.8967280732722
2017-01-22 14:00:00,Zone 2,15237.689968333332,19679.089372251947,-2647.693168990001
2017-01-22 15:00:00,Zone 2,15149.544073333333,19675.001773667937,-2339.2174890460883
2017-01-22 16:00:00,Zone 2,14519.148935,19670.8577344104,-2565.8390771913546
2017-01-22 17:00:00,Zone 2,17993.31307,19666.661402654314,-1521.2139045715267
2017-02-14 18:00:00,Zone 2,28399.392096666666,19257.59002207305,1558.947643239535
2017-02-14 19:00:00,Zone 2,29342.24924,19258.905173212246,1838.3938476292751
2017-02-14 20:00:00,Zone 2,29145.28875333333,19260.193021526935,1823.4158181126004
2017-02-14 21:00:00,Zone 2,28455.31915,19261.45744232204,1928.2797666666447
2017-02-15 11:00:00,Zone 2,22805.471121666666,19278.63513503051,1438.0899058685063
2017-02-18 13:00:00,Zone 2,19868.69300833333,19293.61413303385,-1542.3081550775241
2017-02-18 16:00:00,Zone 2,18555.01519833333,19282.175560228,-1552.0686529445557
2017-02-18 17:00:00,Zone 2,18790.273555,19278.115331958485,-1604.2800483042265
2017-02-19 13:00:00,Zone 2,20678.419453333332,19179.399713195235,1547.1578321598608
2017-02-19 14:00:00,Zone 2,20706.99088166667,19174.039560220885,1499.0873331820076
2017-02-19 16:00:00,Zone 2,19671.73252166667,19163.35545175468,1451.8761516308768
2017-02-22 23:00:00,Zone 2,17674.164133333335,18899.14049003125,-1782.0893283304213
2017-02-23 00:00:00,Zone 2,15189.057751666667,18895.71910223923,-1440.0059380637213
2017-02-23 10:00:00,Zone 2,18455.92705166667,18857.525365382215,-1503.4895148629366
2017-02-23 11:00:00,Zone 2,19694.832828333336,18853.332775940034,-1462.5209741779654
2017-02-23 12:00:00,Zone 2,19568.389056666667,18849.082508470918,-2438.608749923049
2017-02-23 13:00:00,Zone 2,19574.468081666666,18844.7782837357,-2628.7556334865094
2017-02-23 14:00:00,Zone 2,20356.838906666668,18840.424166144312,-1874.9901971330291
2017-03-01 11:00:00,Zone 2,19435.975608333334,18698.29631253695,-1669.8442050044869
2017-03-01 12:00:00,Zone 2,19901.219511666666,18696.99884184336,-1619.2759098725874
2017-03-01 13:00:00,Zone 2,19765.853658333333,18695.697477836646,-1571.564113515291
2017-03-01 14:00:00,Zone 2,19629.26829333333,18694.39391958552,-1487.3967526637098
2017-03-07 20:00:00,Zone 2,28703.658536666666,18665.752559282733,1551.4444475338278
2017-03-07 21:00:00,Zone 2,27565.853656666663,18666.311119756774,1584.0354234166916
2017-03-07 22:00:00,Zone 2,25553.04878166667,18666.907160357558,1792.7637958628184
2017-03-08 12:00:00,Zone 2,19770.121951666664,18677.07461537245,-1468.3404384913738
2017-03-08 13:00:00,Zone 2,19507.926828333333,18677.799979285875,-1412.049857543483
2017-03-08 15:00:00,Zone 2,19292.07317,18679.212743741497,-1513.2039772015378
2017-03-08 16:00:00,Zone 2,18690.853658333333,18679.89700224461,-1426.1985398608267
2017-03-08 17:00:00,Zone 2,18319.512195,18680.56421130447,-1468.3732572859772
2017-03-08 18:00:00,Zone 2,22303.658536666666,18681.212370429763,-1579.5089035508208
2017-03-08 20:00:00,Zone 2,23887.19512,18682.44225712846,-2156.6351555980473
2017-03-08 21:00:00,Zone 2,22902.439025,18683.01875828477,-1991.8965081020178
2017-03-09 20:00:00,Zone 2,28541.46341333333,18683.573834178198,1446.4953868576413
2017-03-17 17:00:00,Zone 2,18251.829266666668,18485.68593915668,-1421.2989007515316
2017-03-17 18:00:00,Zone 2,20779.878048333336,18485.715902270484,-1599.8622802125283
2017-03-17 19:00:00,Zone 2,23671.341463333334,18485.763205896645,-1477.331703770582
2017-03-17 20:00:00,Zone 2,23445.731708333333,18485.823901877324,-1530.8060272174007
2017-03-17 21:00:00,Zone 2,22390.243903333332,18485.894001394,-1583.139811835721
2017-03-17 22:00:00,Zone 2,20391.463415000002,18485.96955181215,-1587.0799806705108
2017-03-27 19:00:00,Zone 2,23274.390245,17793.136427962236,-1421.02589239571
2017-03-27 20:00:00,Zone 2,22968.902436666667,17788.153752214566,-1677.5066060282825
2017-03-27 21:00:00,Zone 2,21376.219513333333,17783.101209340482,-1937.0130137860906
2017-03-27 22:00:00,Zone 2,19240.853658333333,17777.977229895114,-1548.735502929845
2017-03-28 19:00:00,Zone 2,26797.560976666664,17654.425963394635,1498.9505225647808
2017-03-31 19:00:00,Zone 2,25474.39024333333,17315.617502076737,1451.0206854158969
2017-04-01 10:00:00,Zone 2,16796.94501,17279.096423940726,-1738.1670765982235
2017-04-01 11:00:00,Zone 2,16995.51934833333,17276.500452063407,-2017.7871554372032
2017-04-01 12:00:00,Zone 2,16971.69043,17273.872047328612,-1936.683023144844
2017-04-01 13:00:00,Zone 2,16710.794296666667,17271.210101195687,-1820.6499533940132
2017-04-01 14:00:00,Zone 2,16587.372711666667,17268.513397457486,-1608.1605247197203
2017-04-01 15:00:00,Zone 2,15797.352341666667,17265.78046892073,-1708.6689377165749
2017-04-01 16:00:00,Zone 2,14930.346230000001,17263.009531839525,-1660.0663610404954
2017-04-01 17:00:00,Zone 2,14239.918531666668,17260.198566005445,-1695.0582551740354
2017-04-01 18:00:00,Zone 2,15512.627293333333,17257.345771763437,-2014.0591466951355
2017-04-01 19:00:00,Zone 2,19523.217921666666,17254.449659854945,-2548.654945493623
2017-04-01 20:00:00,Zone 2,19496.334013333333,17251.508933427216,-2473.9965016858787
2017-04-01 21:00:00,Zone 2,18917.718941666666,17248.522597528114,-2253.759712147139
2017-04-01 22:00:00,Zone 2,17674.949083333333,17245.489950757106,-2135.5665728337317
2017-04-01 23:00:00,Zone 2,15347.046843333332,17242.41047427553,-2164.4977870165585
2017-04-02 00:00:00,Zone 2,13067.413439999998,17239.283902247942,-1857.2259607263386
2017-04-02 01:00:00,Zone 2,11776.374745000001,17236.110259976387,-1470.8068819054406
2017-04-02 06:00:00,Zone 2,8685.947046833333,17219.553873461406,-1461.7380296802821
2017-04-06 18:00:00,Zone 2,19167.61710666667,17120.40130574706,-1546.5979570626132
2017-04-07 10:00:00,Zone 2,17888.187373333334,17146.520608167906,-1519.1728081047222
2017-04-07 11:00:00,Zone 2,18645.824848333334,17147.519135086313,-1628.0127527755394
2017-04-10 11:00:00,Zone 2,21381.262728333335,17199.591546367727,1485.4211668373318
2017-04-10 14:00:00,Zone 2,21249.28717,17205.410505895266,1489.493002437579
2017-04-13 10:00:00,Zone 2,18318.940935000002,17379.718270240122,-1538.564096598955
2017-04-13 13:00:00,Zone 2,19038.08554,17385.144953803036,-2215.7737152205136
2017-04-13 14:00:00,Zone 2,18959.8778,17386.908641658953,-2233.5981140959248
2017-04-20 12:00:00,Zone 2,23686.558045,18118.863588163018,2691.0918441897193
2017-04-20 13:00:00,Zone 2,30071.486763333334,18120.462551968005,7417.93774785713
2017-04-20 14:00:00,Zone 2,29640.122198333334,18122.083969432293,7104.063719251386
2017-04-20 15:00:00,Zone 2,28919.755598333333,18123.728158807513,6545.707629446544
2017-04-20 16:00:00,Zone 2,28583.706721666666,18125.394614005054,6734.639954276496
2017-04-20 17:00:00,Zone 2,28444.399186666666,18127.081998095575,6677.208852488788
2017-04-20 18:00:00,Zone 2,29649.898165000002,18128.788174337453,6637.630328128944
2017-04-20 19:00:00,Zone 2,29342.566193333332,18130.51025254047,3493.8960333364957
2017-04-20 20:00:00,Zone 2,28832.99389166667,18132.244726549623,3162.844997368753
2017-04-20 21:00:00,Zone 2,27028.716904999997,18133.987718393208,2553.6468768781997
2017-04-20 22:00:00,Zone 2,24135.64155,18135.735021992386,2032.7011163936586
2017-04-21 09:00:00,Zone 2,15285.33605,18153.78321505139,-3102.1487601367953
2017-04-21 10:00:00,Zone 2,16097.352341666667,18155.175438106507,-3789.1359321392993
2017-04-21 11:00:00,Zone 2,16729.124236666667,18156.5030082595,-3965.5852755364485
2017-04-21 12:00:00,Zone 2,16098.574338333332,18157.761418228227,-4579.527278633956
2017-04-21 13:00:00,Zone 2,15430.753564999999,18158.946623359756,-5583.607533408491
2017-04-21 14:00:00,Zone 2,15383.095723333332,18160.05504195599,-5415.6065129242
2017-04-21 15:00:00,Zone 2,15234.623220000001,18161.083571458566,-5069.161805453172
2017-04-21 16:00:00,Zone 2,16831.771895,18162.029633178758,-3435.286184830713
2017-04-21 17:00:00,Zone 2,18442.973521666667,18162.89118896199,-1854.3213361368526
2017-04-21 18:00:00,Zone 2,19672.912425,18163.666555342912,-1581.2635096705744
2017-04-24 09:00:00,Zone 2,20492.871688333336,18125.588581125823,1484.0248816794956
2017-04-24 10:00:00,Zone 2,22534.826885,18126.58084355619,2130.8209126551264
2017-04-25 18:00:00,Zone 2,18130.753563333335,18258.108421978577,-1525.7521793451851
2017-04-25 19:00:00,Zone 2,22689.409369999998,18265.373869826726,-1500.931254768886
2017-04-28 11:00:00,Zone 2,23929.735231666666,18613.512552382253,1762.7638237747306
2017-04-28 17:00:00,Zone 2,21136.252546666667,18640.235317884526,1628.4667892063844
2017-04-28 18:00:00,Zone 2,22155.397146666666,18644.914555125037,2160.9902762778474
2017-05-01 06:00:00,Zone 2,10920.12384,19012.63132701227,-2620.69049465056
2017-05-01 07:00:00,Zone 2,12129.411766666666,19018.770767530987,-3248.9569242403013
2017-05-01 08:00:00,Zone 2,14234.674921666667,19024.85381382462,-3346.306916003012
2017-05-01 09:00:00,Zone 2,16663.157895,19030.878782707587,-2997.089181109315
2017-05-01 10:00:00,Zone 2,18223.529413333334,19036.844424611278,-2823.7262821524055
2017-05-01 11:00:00,Zone 2,19089.16408833333,19042.74986786822,-2494.376404613253
2017-05-01 12:00:00,Zone 2,19436.532506666666,19048.594482021785,-2124.4853452922034
2017-05-01 13:00:00,Zone 2,19695.975231666667,19054.37791084374,-1845.7392135207301
2017-05-01 14:00:00,Zone 2,19354.79876,19060.10019502599,-2296.0540160451856
2017-05-01 15:00:00,Zone 2,18531.26935,19065.761664513822,-2361.9229035504977
2017-05-01 16:00:00,Zone 2,17897.213623333333,19071.362541897262,-2046.7021704650178
2017-05-01 17:00:00,Zone 2,17489.783281666667,19076.902815219386,-1720.4869325509753
2017-05-01 18:00:00,Zone 2,18419.19504833333,19082.382468260705,-1835.6244812303194
2017-05-01 19:00:00,Zone 2,23359.75232,19087.801549689913,-1612.1621132763212
2017-05-05 10:00:00,Zone 2,24497.832818333336,19613.503192241238,1847.3166094935295
2017-05-05 11:00:00,Zone 2,25076.160991666668,19621.217599801654,1689.1481276883096
2017-05-22 11:00:00,Zone 2,23826.006191666664,20026.70503048995,1689.1806149064032
2017-05-22 12:00:00,Zone 2,24274.303403333335,20030.69773418765,1969.8260068989548
2017-05-22 13:00:00,Zone 2,24323.219815,20034.82678541755,2326.1310699385394
2017-05-22 14:00:00,Zone 2,24641.486068333335,20039.09397079865,2366.300301335097
2017-05-25 11:00:00,Zone 2,20467.49226,20509.1407548489,-1661.6533155008256
2017-05-25 12:00:00,Zone 2,20796.284828333333,20514.813433784668,-1920.3690559010029
2017-05-25 13:00:00,Zone 2,20477.399381666666,20520.37024069254,-2386.102486692198
2017-05-25 14:00:00,Zone 2,21132.507739999997,20525.80992293642,-1968.2279112102588
2017-05-25 18:00:00,Zone 2,21298.452011666668,20546.378476520797,-2167.910877309394
2017-05-25 19:00:00,Zone 2,25634.055730000004,20551.218938802023,-1408.8073276338364
2017-05-26 01:00:00,Zone 2,18030.340556666666,20577.649547236586,-1442.1474661300235
2017-05-26 02:00:00,Zone 2,16679.876161666667,20581.608927858306,-2384.480210654754
2017-05-26 03:00:00,Zone 2,16621.052631666666,20585.438781233657,-1429.7984899293551
2017-05-26 23:00:00,Zone 2,25088.544891666665,20637.579269735394,1494.031436185065
2017-05-27 02:00:00,Zone 2,21835.294116666668,20642.30255803041,2053.4941409563544
2017-05-27 03:00:00,Zone 2,19609.287926666668,20643.77265482195,1594.8742892092741
2017-05-27 18:00:00,Zone 2,24426.00619,20663.168049912605,1592.0706700936935
2017-05-27 19:00:00,Zone 2,27973.374613333333,20664.474844812463,1695.9557820707232
2017-05-28 02:00:00,Zone 2,21966.56346666667,20673.873001717817,1858.5798054921179
2017-05-28 03:00:00,Zone 2,19227.863778333332,20675.21961749594,1446.9966241344591
2017-05-28 18:00:00,Zone 2,23806.811145,20692.15964014698,1943.3994306289387
2017-06-02 13:00:00,Zone 2,18909.355508333334,20580.17490293529,-2474.2660901568197
2017-06-02 14:00:00,Zone 2,20050.103951666668,20583.306464142563,-1967.1310241863612
2017-06-02 15:00:00,Zone 2,20384.407483333332,20586.539978520737,-1464.197526907199
2017-06-04 10:00:00,Zone 2,13092.723495,20786.095942018008,-1478.8052460537583
2017-06-04 14:00:00,Zone 2,21193.347191666668,20805.776147265056,2349.8547260612577
2017-06-04 15:00:00,Zone 2,21451.559253333333,20810.514877874775,2220.923937473417
2017-06-04 16:00:00,Zone 2,21912.474013333336,20815.166233274103,2222.2268180793144
2017-06-06 10:00:00,Zone 2,21687.318088333333,20868.876401909794,1887.6368593584266
2017-06-06 11:00:00,Zone 2,23483.575883333335,20866.554114294504,2211.51413248658
2017-06-06 12:00:00,Zone 2,24677.338875,20864.11516940044,2607.225409751616
2017-06-09 22:00:00,Zone 2,23798.5447,20587.473630126482,-1640.1919855706874
2017-06-09 23:00:00,Zone 2,22697.713098333334,20585.799631716767,-1792.1698570183362
2017-06-10 00:00:00,Zone 2,21492.099789999997,20584.190070761593,-1764.845193095378
2017-06-10 01:00:00,Zone 2,21162.16216,20582.644363712647,-1638.33133298935
2017-06-10 02:00:00,Zone 2,21740.956343333335,20581.16185233866,-1614.457849730239
2017-06-10 03:00:00,Zone 2,18152.182951666666,20579.741845775196,-1605.2986107983816
2017-06-10 04:00:00,Zone 2,14414.968816666667,20578.38370327696,-1551.5996760494745
2017-06-10 05:00:00,Zone 2,11350.103948333335,20577.08680579617,-1517.045526212707
2017-06-10 06:00:00,Zone 2,10891.06029,20575.8504032793,-1494.2610181075652
2017-06-10 07:00:00,Zone 2,11233.471933333334,20574.67342019734,-1720.5139741148887
2017-06-10 08:00:00,Zone 2,12203.950105000002,20573.554450712345,-1968.895437454863
2017-06-10 09:00:00,Zone 2,13770.06237,20572.49195320074,-1688.5013429709725
2017-06-10 10:00:00,Zone 2,15662.370061666667,20571.48442319883,-1455.6492493225087
2017-06-10 13:00:00,Zone 2,18593.139293333334,20568.78627282599,-1693.9885750127469
2017-06-10 14:00:00,Zone 2,18662.99376166667,20567.99770798278,-1495.4998150467618
2017-06-10 16:00:00,Zone 2,18889.397086666668,20566.60015219865,-1473.4169945940848
2017-06-10 17:00:00,Zone 2,19617.879418333334,20565.997560410775,-1413.2582051348945
2017-06-10 18:00:00,Zone 2,21438.46154,20565.464131007022,-1552.2295014799565
2017-06-10 19:00:00,Zone 2,24818.295218333336,20565.004130786794,-1917.6464448422594
2017-06-17 09:00:00,Zone 2,14291.476091666666,21443.041650418112,-1587.231071034228
2017-06-17 10:00:00,Zone 2,15136.590438333333,21443.943114866408,-2250.255684680058
2017-06-17 11:00:00,Zone 2,16510.602911666665,21444.797960498443,-1884.096607227737
2017-06-17 12:00:00,Zone 2,18128.482330000003,21445.607931443126,-1492.7904624214534
2017-06-19 09:00:00,Zone 2,19100.207901666665,21448.835122049477,1629.0065964890273
2017-06-19 10:00:00,Zone 2,20744.282743333333,21448.014155771925,1670.0529837940594
2017-06-20 08:00:00,Zone 2,14295.218298333333,21411.885808105282,-1489.1490587449662
2017-06-20 09:00:00,Zone 2,15112.266111666666,21409.49597721793,-2256.3224703290944
2017-06-20 10:00:00,Zone 2,18122.245323333333,21407.057276345724,-1838.108711175133
2017-06-20 14:00:00,Zone 2,19964.656965,21396.840427497686,-2617.895075549877
2017-06-20 15:00:00,Zone 2,21009.979211666665,21394.17304666668,-1580.477647387408
2017-06-22 12:00:00,Zone 2,23052.598753333335,21103.55066697963,1781.839186049936
2017-06-22 13:00:00,Zone 2,23648.232846666666,21090.539747634368,1796.9154939032742
2017-06-22 14:00:00,Zone 2,23600.8316,21077.19498451628,1667.999669205179
2017-06-23 14:00:00,Zone 2,23390.020788333335,20681.640894240274,1684.1245990220377
2017-06-25 02:00:00,Zone 2,22771.933473333334,20048.36255601331,1491.048117188151
2017-06-25 09:00:00,Zone 2,13620.37422,19943.968488888888,1513.1745937540582
2017-06-25 10:00:00,Zone 2,14925.779626666668,19929.775279475503,1444.638777054177
2017-06-25 14:00:00,Zone 2,19276.091475,19874.876012104054,2004.8730506923966
2017-06-25 15:00:00,Zone 2,20567.151768333333,19861.625136988776,2735.0806636351626
2017-06-25 16:00:00,Zone 2,20681.288983333332,19848.56609226215,2516.33455886284
2017-06-25 17:00:00,Zone 2,21220.79002,19835.70029298503,2712.114821444
2017-06-25 18:00:00,Zone 2,22440.748443333334,19823.029481817,3137.6394382794206
2017-06-25 19:00:00,Zone 2,25975.883575,19810.555774418597,3622.840438975949
2017-06-25 20:00:00,Zone 2,26842.82744333333,19798.281625576667,2130.3747734894096
2017-06-25 21:00:00,Zone 2,27500.8316,19786.209813671685,2160.9592427704847
2017-06-25 22:00:00,Zone 2,27850.727651666664,19774.343445192586,1993.2658845054539
2017-06-25 23:00:00,Zone 2,26601.455301666665,19762.685952673895,1572.325024224985
2017-06-26 00:00:00,Zone 2,25178.170476666666,19751.24110333316,1681.0351784617815
2017-06-26 09:00:00,Zone 2,15582.536381666667,19658.594368172144,-1524.9304620181356
2017-06-26 10:00:00,Zone 2,16124.532223333334,19649.536914609984,-2250.198510651975
2017-06-26 11:00:00,Zone 2,16403.326401666665,19640.741112054875,-2683.35846088214
2017-06-26 12:00:00,Zone 2,17193.555093333332,19632.209933946793,-2695.143840689241
2017-06-26 13:00:00,Zone 2,17729.31393,19623.945976431245,-2778.5511404139033
2017-06-26 14:00:00,Zone 2,16977.130978333334,19615.951615517624,-3850.9534875306053
2017-06-26 15:00:00,Zone 2,16340.956339999999,19608.229142342454,-4479.9416035581435
2017-06-26 16:00:00,Zone 2,16087.733888333334,19600.780759235346,-4321.594443872411
2017-06-26 17:00:00,Zone 2,15883.783783333332,19593.60866223705,-4136.759362874485
2017-06-26 18:00:00,Zone 2,15817.671518333334,19586.71517678133,-4721.420949520971
2017-06-26 19:00:00,Zone 2,17611.43451,19580.10278028123,-5437.325099334757
2017-06-26 20:00:00,Zone 2,21998.544696666668,19573.774023504233,-3658.0889721752174
2017-06-26 21:00:00,Zone 2,22089.604989999996,19567.731516512737,-3598.154673461855
2017-06-26 22:00:00,Zone 2,22318.503118333334,19561.97781996844,-3373.3351167997407
2017-06-26 23:00:00,Zone 2,21793.970895000002,19556.515344942916,-2819.4390816687082
2017-06-27 00:00:00,Zone 2,20129.937628333333,19551.346237234746,-2645.49016972557
2017-06-27 01:00:00,Zone 2,18205.821205,19546.47231782932,-2753.10595199576
2017-06-27 02:00:00,Zone 2,16801.871103333335,19541.89512692333,-2950.0100423159965
2017-06-27 03:00:00,Zone 2,16149.48025,19537.615972304273,-2204.9070290831296
2017-06-27 04:00:00,Zone 2,14422.453221666668,19533.635975167937,-1657.2280144897122
2017-06-27 05:00:00,Zone 2,11196.049896666666,19529.95607503666,-1831.0638762387935
2017-06-27 06:00:00,Zone 2,10751.975053333334,19526.577005851497,-2272.316198747558
2017-06-27 07:00:00,Zone 2,11181.081079999998,19523.499382752674,-2771.851313605177
2017-06-27 08:00:00,Zone 2,12444.698545,19520.723857073495,-3214.9774499173564
2017-06-27 09:00:00,Zone 2,13904.158005,19518.251129777756,-3263.251678606184
2017-06-27 10:00:00,Zone 2,15601.2474,19516.081876369775,-3649.144417414969
2017-06-27 11:00:00,Zone 2,16803.118501666668,19514.21680439629,-3603.9205498998454
2017-06-27 12:00:00,Zone 2,17784.823283333335,19512.656800646546,-2919.9501082885618
2017-06-27 13:00:00,Zone 2,18662.370061666665,19511.40288576137,-2511.5826071346637
2017-06-27 14:00:00,Zone 2,18832.016631666665,19510.456080343032,-2272.4878688934878
2017-06-27 15:00:00,Zone 2,18360.49896,19509.817337120967,-2143.7443493570936
2017-06-27 16:00:00,Zone 2,17853.430353333333,19509.487415860305,-2231.4473668022874
2017-06-27 17:00:00,Zone 2,17501.039501666666,19509.466985464576,-2137.48782030871
2017-06-27 18:00:00,Zone 2,17508.523906666665,19509.756794130157,-2620.4262513788963
2017-06-27 19:00:00,Zone 2,19503.74220333333,19510.357551446712,-3076.1301965652638
2017-06-27 20:00:00,Zone 2,24161.53846,19511.269838842833,-1989.489622257348
2017-06-27 21:00:00,Zone 2,24055.509355000002,19512.494231378736,-2118.338017805123
2017-06-27 22:00:00,Zone 2,24374.844075,19514.03140362419,-1516.3071123542322
2017-06-28 01:00:00,Zone 2,18973.596673333333,19520.5292433071,-1569.5068370465815
2017-06-28 02:00:00,Zone 2,17641.372141666667,19523.32780516663,-1527.9893923132804
2017-06-29 13:00:00,Zone 2,19993.970893333335,19841.350830374216,-1785.0471849114401
2017-06-29 14:00:00,Zone 2,20066.943866666665,19857.57184353364,-1521.0151759036307
2017-06-29 15:00:00,Zone 2,19654.677755,19874.212645300868,-1541.5998209263853
2017-06-29 16:00:00,Zone 2,18980.457381666667,19891.271772334832,-1421.684982430983
2017-07-04 08:00:00,Zone 2,22112.658225000003,22060.25877522766,2442.737101296505
2017-07-04 09:00:00,Zone 2,24324.050633333332,22070.291935622183,2614.168639601594
2017-07-04 10:00:00,Zone 2,29347.468355,22080.186192609017,4847.571128424042
2017-07-04 11:00:00,Zone 2,30174.05063166667,22089.94312097001,4149.979130191194
2017-07-04 12:00:00,Zone 2,26951.265825,22099.564206742107,1860.132016215237
2017-07-04 13:00:00,Zone 2,28375.949366666668,22109.05081224592,2752.5894407471424
2017-07-04 14:00:00,Zone 2,29124.05063166667,22118.404250760155,3474.533757344976
2017-07-06 10:00:00,Zone 2,21555.063291666665,22451.2489315662,-2799.772108758745
2017-07-06 11:00:00,Zone 2,22480.379748333333,22458.451510579238,-3541.520886313643
2017-07-06 12:00:00,Zone 2,22272.78481,22465.682047667175,-2787.5251144608774
2017-07-06 13:00:00,Zone 2,22849.367086666665,22472.941223054895,-2718.304252050297
2017-07-06 14:00:00,Zone 2,22639.87341666667,22480.22995472567,-2895.3565850963387
2017-07-06 15:00:00,Zone 2,22214.556961666665,22487.5493971199,-2205.489301780992
2017-07-06 16:00:00,Zone 2,21465.189873333333,22494.90091988052,-1850.6745556459027
2017-07-07 11:00:00,Zone 2,30767.72151666667,22641.975810222386,3345.2398198736482
2017-07-09 13:00:00,Zone 2,19919.62025333333,23113.970488162402,-1763.4655514250517
2017-07-09 14:00:00,Zone 2,19913.291138333334,23125.002280431436,-1962.8602617937395
2017-07-09 15:00:00,Zone 2,19584.810126666667,23136.076280701724,-1985.2184437167816
2017-07-09 16:00:00,Zone 2,19541.772151666668,23147.19056999497,-1692.1651975100722
2017-07-13 11:00:00,Zone 2,29247.468353333334,23948.979680315737,1925.7218069314913
2017-07-13 12:00:00,Zone 2,29517.721518333332,23954.30538697816,1839.1060958926391
2017-07-13 13:00:00,Zone 2,30213.92405,23959.57362107072,2062.2153353503563
2017-07-13 14:00:00,Zone 2,28856.329113333337,23964.78452562016,1478.137164689113
2017-07-14 14:00:00,Zone 2,24675.316455000004,24068.57482968696,-2539.374133686397
2017-07-14 15:00:00,Zone 2,23506.962026666664,24071.793547746274,-2681.3622612838153
2017-07-14 16:00:00,Zone 2,22881.645569999997,24074.917993953135,-2355.4282170812585
2017-07-14 17:00:00,Zone 2,23064.556963333336,24077.95029004995,-1623.8465613545195
2017-07-21 10:00:00,Zone 2,25976.58227833333,24757.30829983074,-1671.004246714685
2017-07-21 11:00:00,Zone 2,27200.0,24770.109495348475,-2008.4003607460763
2017-07-21 12:00:00,Zone 2,27207.594936666665,24782.918210097494,-1471.5134222954075
2017-07-23 16:00:00,Zone 2,22760.759493333335,25422.1581104522,-1422.354277826238
2017-07-23 17:00:00,Zone 2,22707.594938333335,25434.53046504018,-1584.2915678744866
2017-07-23 18:00:00,Zone 2,23411.392405000002,25446.941601369934,-1512.9781081068504
2017-07-23 19:00:00,Zone 2,26901.26582333333,25459.392030741492,-1519.3450171227923
2017-07-24 09:00:00,Zone 2,29450.632911666664,25637.40175334675,3210.1155671306406
2017-07-24 10:00:00,Zone 2,32052.531646666666,25650.308389915404,3753.2213141739994
2017-07-24 11:00:00,Zone 2,33695.56962166666,25663.226961374352,4092.6112567480814
2017-07-24 12:00:00,Zone 2,34255.06329,25676.154102820343,4062.176439629642
2017-07-24 13:00:00,Zone 2,34394.30379666667,25689.086115999748,4142.34359449035
2017-07-24 14:00:00,Zone 2,34808.86076,25702.019051698164,4473.096350751832
2017-07-24 15:00:00,Zone 2,33962.025316666666,25714.94872014159,4225.254065673507
2017-07-24 16:00:00,Zone 2,32910.126581666664,25727.870754351363,4072.6437347638966
2017-07-24 17:00:00,Zone 2,32308.86076,25740.78066927433,4302.651408223046
2017-07-24 18:00:00,Zone 2,32410.759495000002,25753.67382453256,4319.619225281567
2017-07-24 19:00:00,Zone 2,34933.544303333336,25766.54541546696,3844.5068564589783
2017-07-24 21:00:00,Zone 2,33874.68354666667,25792.203761529996,1495.5725242471344
2017-08-01 10:00:00,Zone 2,27072.861668333335,26064.53195490045,-1485.4222043604532
2017-08-01 11:00:00,Zone 2,28435.05808,26067.082021676128,-1486.5509123429329
2017-08-01 12:00:00,Zone 2,28596.620908333334,26069.685451142017,-1656.1826223281532
2017-08-01 13:00:00,Zone 2,28773.38965166667,26072.342882045414,-1835.8466406887346
2017-08-01 14:00:00,Zone 2,28870.96092833333,26075.05513227067,-1578.7816697308335
2017-08-01 18:00:00,Zone 2,26206.124605,26086.464677928765,-1595.8206274832555
2017-08-01 19:00:00,Zone 2,30256.599788333333,26089.458888611807,-1453.0090557057702
2017-08-01 20:00:00,Zone 2,33057.65575333333,26092.51042193749,-1500.5214538843575
2017-08-02 10:00:00,Zone 2,26557.761351666664,26141.956073485904,-1585.5412976511834
2017-08-03 13:00:00,Zone 2,33051.953535,26281.54952277089,2095.7060976569956
2017-08-04 09:00:00,Zone 2,27991.552271666664,26418.77511789897,1502.298095510032
2017-08-04 10:00:00,Zone 2,30373.178456666665,26426.244727151698,1762.6123265770912
2017-08-04 11:00:00,Zone 2,31499.683208333332,26433.76779741809,1454.9121532666286
2017-08-04 14:00:00,Zone 2,30879.40865833333,26456.63793611178,1512.5565915855186
2017-08-07 16:00:00,Zone 2,32288.489968333335,26771.086861568718,2337.672275850393
2017-08-09 13:00:00,Zone 2,32045.828935,26508.355947251028,1610.8397351494496
2017-08-14 09:00:00,Zone 2,23226.399155000003,25394.999612939373,-2019.8003690488658
2017-08-14 10:00:00,Zone 2,25601.689545,25389.101625908785,-1593.9203995449716
2017-08-14 11:00:00,Zone 2,26768.10982,25383.276600077777,-1478.186839753842
2017-08-14 12:00:00,Zone 2,27099.472016666667,25377.52508469621,-1699.652102727152
2017-08-14 13:00:00,Zone 2,27152.692715,25371.847698702073,-1761.0516356743574
2017-08-14 14:00:00,Zone 2,27081.731783333333,25366.244983348566,-1956.0331406827572
2017-08-14 15:00:00,Zone 2,26620.485744999998,25360.717405092208,-1833.3241929358483
2017-08-14 16:00:00,Zone 2,25896.937698333335,25355.265397164683,-1782.4396948163449
2017-08-21 08:00:00,Zone 2,19323.548046666667,24152.690742292743,-1411.3503419638
2017-08-21 09:00:00,Zone 2,21953.537486666668,24139.91356847582,-1588.6737422315164
2017-08-21 10:00:00,Zone 2,23998.73284,24127.12000904512,-1540.406947526073
2017-08-21 11:00:00,Zone 2,25423.653645,24114.313884398383,-1430.8843389811482
2017-08-21 12:00:00,Zone 2,25831.678986666666,24101.499349507416,-1484.8729980959251
2017-08-21 13:00:00,Zone 2,25953.959875,24088.68096773876,-1406.3272110184807
2017-08-26 18:00:00,Zone 2,25097.360083333333,22638.553574593618,1481.9569365156894
2017-08-27 07:00:00,Zone 2,14902.428721666665,22362.889650455025,1591.6964491490871
2017-08-27 09:00:00,Zone 2,19215.839493333333,22315.833751813814,1502.9211945535753
2017-08-27 10:00:00,Zone 2,20987.328406666667,22291.848768900385,1472.1216425686544
2017-08-27 12:00:00,Zone 2,22936.21964,22242.98155998489,1437.3983530935875
2017-08-27 13:00:00,Zone 2,23474.762406666665,22218.10682764535,1515.8089189385792
2017-08-27 14:00:00,Zone 2,23278.986275,22192.94299787211,1622.7300014252178
2017-08-27 15:00:00,Zone 2,22774.65681,22167.493747992045,1718.676050918093
2017-08-27 16:00:00,Zone 2,22239.281941666664,22141.76270628275,1497.6213737765393
2017-08-27 19:00:00,Zone 2,29898.627243333336,22062.914539155572,1555.1582448912595
2017-08-30 09:00:00,Zone 2,20814.361141666664,20134.531699425883,1449.2325909878673
2017-08-31 06:00:00,Zone 2,12107.074973333334,19533.914530195147,-1618.6230554755784
2017-08-31 07:00:00,Zone 2,13639.070749999999,19507.696696953062,-1751.1133405212931
2017-08-31 08:00:00,Zone 2,15731.784581666667,19481.720129848658,-1517.4785514843861
2017-08-31 09:00:00,Zone 2,17394.29778333333,19455.98895606728,-1501.9001418230873
2017-08-31 12:00:00,Zone 2,20226.399155000003,19380.31206737797,-1441.8562742197573
2017-08-31 13:00:00,Zone 2,20331.573391666665,19355.607739605945,-1450.3293408349455
2017-09-01 08:00:00,Zone 2,14173.596673333333,18942.525652783734,-2002.5988917743998
2017-09-01 09:00:00,Zone 2,14055.093555,18924.03202626787,-3727.5244491288195
2017-09-01 10:00:00,Zone 2,14410.602911666667,18905.88784771716,-4796.818768226827
2017-09-01 11:00:00,Zone 2,14964.449063333333,18888.096291737424,-4943.75970729877
2017-09-01 12:00:00,Zone 2,15552.598753333334,18870.660740267478,-4295.836707717552
2017-09-01 13:00:00,Zone 2,15855.717256666665,18853.584782079186,-3870.1151944497396
2017-09-01 14:00:00,Zone 2,15290.64449,18836.872189523063,-4247.073633513179
2017-09-01 15:00:00,Zone 2,15077.338878333334,18820.52694337512,-4064.2887447188114
2017-09-01 16:00:00,Zone 2,15072.349275,18804.553364910094,-3657.0832469607685
2017-09-01 17:00:00,Zone 2,15203.326403333333,18788.95601709129,-3217.780853822729
2017-09-01 18:00:00,Zone 2,17053.846155000003,18773.739461864643,-2728.6465828177934
2017-09-01 19:00:00,Zone 2,22594.802495,18758.90804883714,-2249.993590389233
2017-09-01 20:00:00,Zone 2,22866.112265,18744.46590601943,-2021.794916502913
2017-09-01 21:00:00,Zone 2,22556.133055,18730.41697929265,-1975.2865683540003
2017-09-01 22:00:00,Zone 2,21861.330561666666,18716.765024191925,-1505.1303786572862
2017-09-02 18:00:00,Zone 2,17235.966736666665,18530.278857743935,-1676.882321849269
2017-09-02 19:00:00,Zone 2,22092.099791666667,18525.434086331337,-1895.8690193239527
2017-09-02 20:00:00,Zone 2,21997.297298333335,18521.042772415807,-1986.3066561289124
2017-09-02 21:00:00,Zone 2,21878.17048,18517.110422358837,-1822.3040348872892
2017-09-02 22:00:00,Zone 2,20910.18711,18513.642622044947,-1776.5701852977945
2017-09-02 23:00:00,Zone 2,19301.039501666666,18510.644930880804,-1522.403608793291
2017-09-03 09:00:00,Zone 2,15046.153845,18507.584530155207,1830.6342423696951
2017-09-03 10:00:00,Zone 2,17327.027026666667,18510.048937619056,2617.2081662865858
2017-09-03 11:00:00,Zone 2,18093.555093333332,18513.024995335258,2668.0911928913993
2017-09-03 12:00:00,Zone 2,18630.56133,18516.512954154998,2094.156320347647
2017-09-03 13:00:00,Zone 2,18875.051975,18520.51238631322,1609.2401481737616
2017-09-03 14:00:00,Zone 2,18393.555093333332,18525.02208773554,1539.0325751161217
2017-09-03 15:00:00,Zone 2,17844.698546666667,18530.0400070956,1538.3125562690584
2017-09-08 09:00:00,Zone 2,21375.46777666667,20306.36822167424,1520.0250750380328
2017-09-08 10:00:00,Zone 2,23172.349273333337,20320.507182538287,1774.5791440768735
2017-09-10 13:00:00,Zone 2,22083.991685,20920.742885206986,1449.7541380600414
2017-09-10 19:00:00,Zone 2,28577.962580000003,20964.649601261794,1676.1893104580486
2017-09-10 20:00:00,Zone 2,28844.282745,20971.321704388047,1851.6018249813496
2017-09-10 21:00:00,Zone 2,28672.14137166667,20977.81012533037,2036.4098081029442
2017-09-10 22:00:00,Zone 2,26385.031185,20984.114729744313,1913.50232229197
2017-09-10 23:00:00,Zone 2,23215.384615,20990.235151321842,1764.4976096819773
2017-09-11 09:00:00,Zone 2,22219.334718333335,21041.139326470413,1631.091619090239
2017-09-11 10:00:00,Zone 2,23849.68815,21045.172914143714,1638.8649636921
2017-09-14 20:00:00,Zone 2,31362.785861666667,20779.73970382629,1836.098096061498
2017-09-14 21:00:00,Zone 2,29336.382535,20773.37072427203,1579.3864261834897
2017-09-16 15:00:00,Zone 2,19437.629936666668,20520.36720626238,-1660.8534650984911
2017-09-16 16:00:00,Zone 2,19049.68814833333,20514.423222709043,-1529.9069780302416
2017-09-16 18:00:00,Zone 2,21508.939708333335,20502.29821129793,-1478.55814490973
2017-09-21 21:00:00,Zone 2,24948.648648333332,19944.977935862484,-1618.4702696094537
2017-09-22 05:00:00,Zone 2,14334.511435,19968.989795737518,-1472.494367334366
2017-09-22 06:00:00,Zone 2,12562.577961666668,19971.993716470253,-2596.6015424426296
2017-09-22 07:00:00,Zone 2,14003.950105000002,19974.98818871092,-2482.8876891720247
2017-09-22 08:00:00,Zone 2,16716.424116666665,19977.972062136258,-1742.7360228252946
2017-09-26 09:00:00,Zone 2,23583.991683333337,20779.1891865181,1668.3241981905048
2017-09-28 17:00:00,Zone 2,24865.696466666664,21000.10118601376,1548.57016139185
2017-09-28 18:00:00,Zone 2,30407.276508333332,20998.21173853496,2050.4846183214577
2017-09-28 19:00:00,Zone 2,32401.247401666667,20996.226831573214,2456.8169059790307
2017-09-28 20:00:00,Zone 2,31715.800415,20994.151962741464,2347.107940660855
2017-09-28 21:00:00,Zone 2,29855.925155,20991.99215106638,2489.4908652207378
2017-09-28 22:00:00,Zone 2,26340.12474,20989.751952769522,2117.6464759469345
2017-09-28 23:00:00,Zone 2,23103.118501666668,20987.435427816043,2118.776233426892
2017-09-29 00:00:00,Zone 2,20544.074845,20985.046092952678,1914.9138128571649
2017-09-29 01:00:00,Zone 2,18803.950105,20982.58698423082,1659.3172906736363
2017-09-29 02:00:00,Zone 2,18478.378378333335,20980.060703286134,1777.3865649367508
2017-09-29 03:00:00,Zone 2,18089.18919,20977.469503802935,1675.9086822140598
2017-09-29 04:00:00,Zone 2,18337.422036666667,20974.815400622825,1615.390176854522
2017-09-29 05:00:00,Zone 2,18592.515591666666,20972.10022705022,1568.875393815466
2017-09-29 06:00:00,Zone 2,18213.92931333333,20969.32557681157,1443.247451240146
2017-09-29 07:00:00,Zone 2,19390.85239,20966.49278080549,1517.3664750327116
2017-09-29 08:00:00,Zone 2,21545.738045000002,20963.602972758046,1705.552130286269
2017-09-29 09:00:00,Zone 2,23410.602911666665,20960.657132109023,1604.8958649412125
2017-09-29 10:00:00,Zone 2,24631.808731666668,20957.656081158235,1597.5710858622042
2017-09-29 11:00:00,Zone 2,25652.182953333337,20954.600385142938,1909.0711985995003
2017-09-29 12:00:00,Zone 2,25422.661121666664,20951.490350764187,2053.2238189613236
2017-09-29 13:00:00,Zone 2,25228.690229999997,20948.325962195537,1956.1343641879212
2017-09-29 14:00:00,Zone 2,24778.378378333335,20945.106927378005,1573.9740048452913
2017-09-30 16:00:00,Zone 2,22781.91268166667,20845.992138621852,1737.3951323302244
2017-10-01 13:00:00,Zone 2,18505.394191666666,20759.06405671385,-1445.0896065720372
2017-10-01 14:00:00,Zone 2,18202.28215833333,20754.793560513906,-1466.5991770267428
2017-10-04 11:00:00,Zone 2,25668.049791666668,20545.693954730687,1832.869333934832
2017-10-10 12:00:00,Zone 2,24889.419088333332,20762.998404959493,1618.6646315521903
2017-10-11 11:00:00,Zone 2,22040.663901666663,20807.44409057996,-1560.3962491847124
2017-10-11 12:00:00,Zone 2,22232.987551666665,20810.192367968884,-1409.0160928700352
2017-10-18 12:00:00,Zone 2,25132.780081666668,21237.243897320528,1491.9337892619224
2017-10-19 09:00:00,Zone 2,20321.576763333334,21210.619415103713,-1565.8814646426072
2017-10-19 10:00:00,Zone 2,21053.526970000003,21209.327171333094,-1774.953259318001
2017-10-19 11:00:00,Zone 2,21800.414936666664,21208.033689298405,-1486.897680989383
2017-10-24 17:00:00,Zone 2,24738.17427666667,22176.370477288343,-1430.9839618453916
2017-10-24 18:00:00,Zone 2,29296.058091666666,22192.85137402186,-1779.0991013465718
2017-10-24 19:00:00,Zone 2,29155.394191666666,22209.31625775815,-1680.8296334284496
2017-10-24 20:00:00,Zone 2,28366.182571666664,22225.764095861057,-1575.0278107198137
2017-10-24 21:00:00,Zone 2,25828.630703333332,22242.19430188834,-1653.7600178961184
2017-10-25 09:00:00,Zone 2,20840.041495,22438.228500401317,-1453.8400035400155
2017-10-25 10:00:00,Zone 2,21703.31950166667,22454.516345123808,-1991.541471275621
2017-10-25 18:00:00,Zone 2,34376.141078333334,22584.853912078368,1831.7235455473492
2017-10-25 19:00:00,Zone 2,33791.701246666664,22601.155167889778,1644.76763491549
2017-10-25 20:00:00,Zone 2,32642.11618,22617.458168431585,1615.24257270011
2017-10-25 21:00:00,Zone 2,30036.099585,22633.76237949137,1593.2603015654895
2017-10-25 22:00:00,Zone 2,26457.883818333332,22650.067076578183,1482.2469365578036
2017-11-02 13:00:00,Zone 2,24712.190081666664,23596.147286879528,-1686.9233183288816
2017-11-03 10:00:00,Zone 2,20591.528925000002,23457.846770751283,-2058.4063584760006
2017-11-04 10:00:00,Zone 2,23972.107438333333,23291.051848917177,1684.9540818651549
2017-11-06 06:00:00,Zone 2,14056.611568333334,23082.424230397715,-2081.5249187307345
2017-11-06 07:00:00,Zone 2,13243.388429999999,23079.01761105179,-3210.3772523424414
2017-11-06 08:00:00,Zone 2,15521.280991666667,23075.638705781912,-2800.9603191763636
2017-11-06 09:00:00,Zone 2,18738.842975,23072.284230481706,-2075.441419090086
2017-11-06 12:00:00,Zone 2,23748.96694166667,23062.337392427624,-1411.019350646493
2017-11-06 14:00:00,Zone 2,23985.7438,23055.77676658673,-1633.7513170795064
2017-11-06 15:00:00,Zone 2,23271.694215,23052.510210969223,-2003.8335978492432
2017-11-06 16:00:00,Zone 2,22951.23966833333,23049.2498490823,-1833.30963544497
2017-11-06 17:00:00,Zone 2,27472.31405,23045.993729897145,-1729.7079913915077
2017-11-06 18:00:00,Zone 2,31153.512394999998,23042.740090334497,-1504.2778844379318
2017-11-11 12:00:00,Zone 2,26660.330578333334,22944.663442755107,1460.4531550521533
2017-11-18 08:00:00,Zone 2,15022.933885,22655.230230837216,-1724.4190040199537
2017-11-18 09:00:00,Zone 2,17733.471074999998,22658.125484188084,-2005.241898796161
2017-11-18 10:00:00,Zone 2,20100.0,22661.02947806688,-2237.244916587155
2017-11-18 11:00:00,Zone 2,21435.123966666666,22663.943193402385,-2503.483429213702
2017-11-18 12:00:00,Zone 2,22169.008264999997,22666.867856691108,-2280.0133008047596
2017-11-18 13:00:00,Zone 2,22312.190081666664,22669.804967965094,-2015.3754806269062
2017-11-18 15:00:00,Zone 2,21673.140496666667,22675.72340221789,-1498.4382228896866
2017-11-18 16:00:00,Zone 2,21643.388430000003,22678.70869357319,-1712.0936115162185
2017-11-18 17:00:00,Zone 2,26816.528926666666,22681.71457705636,-1644.315479165456
2017-11-18 18:00:00,Zone 2,29071.48760333333,22684.743746519332,-1851.434469306405
2017-11-18 19:00:00,Zone 2,29073.347105000004,22687.798955089707,-1482.1590562652273
2017-11-22 11:00:00,Zone 2,22842.148761666667,23229.523012514324,-1540.3118614171544
2017-11-22 16:00:00,Zone 2,24150.000001666664,23268.16084259415,-1735.0404632818208
2017-11-22 17:00:00,Zone 2,29512.190083333335,23275.69169105662,-1906.0477710264386
2017-11-23 11:00:00,Zone 2,22607.85124,23393.336842347166,-1597.1812706023447
2017-11-23 12:00:00,Zone 2,23669.6281,23398.65150501923,-1737.4736296066876
2017-11-23 13:00:00,Zone 2,24155.578511666667,23403.82537815988,-1443.7835115308335
2017-11-29 10:00:00,Zone 2,24894.42148666667,23365.305904186927,1513.0594578993914
2017-11-29 11:00:00,Zone 2,26667.148761666667,23357.157083237063,1550.9509121250376
2017-11-29 15:00:00,Zone 2,27577.066114999998,23325.585395779795,1634.5122023370714
2017-11-29 16:00:00,Zone 2,28741.115705,23317.96899860902,2087.274496811784
2017-11-29 17:00:00,Zone 2,33555.37189833333,23310.47053135948,1696.6741561992458
2017-11-30 10:00:00,Zone 2,24832.43801833333,23202.338495898384,1788.2247198796795
2017-11-30 11:00:00,Zone 2,26805.991738333334,23197.10000016051,2254.814802815763
2017-11-30 12:00:00,Zone 2,27829.33884333333,23191.978175618624,2349.2047250481155
2017-11-30 13:00:00,Zone 2,28125.0,23186.970863787414,2446.207177625136
2017-11-30 14:00:00,Zone 2,27578.925619999998,23182.075503313656,1819.616752326503
2017-11-30 15:00:00,Zone 2,27508.884298333334,23177.28927540289,1518.6416256336051
2017-12-01 06:00:00,Zone 2,15818.962873333332,23115.999829239845,-1568.3334858944654
2017-12-01 07:00:00,Zone 2,13237.803006666667,23112.404192941798,-3417.403890710615
2017-12-01 08:00:00,Zone 2,14803.313901666666,23108.841982151396,-3315.21548007174
2017-12-01 09:00:00,Zone 2,17537.281375000002,23105.30906672694,-2759.5130700754235
2017-12-01 10:00:00,Zone 2,19950.905186666667,23101.80180876549,-2545.7319122530353
2017-12-01 11:00:00,Zone 2,21459.957043333332,23098.317127127037,-2907.293657108552
2017-12-01 12:00:00,Zone 2,21707.885855,23094.852608606485,-2691.201911742366
2017-12-01 13:00:00,Zone 2,22126.419145000003,23091.4064151516,-2594.9733498579844
2017-12-01 14:00:00,Zone 2,21402.27063833333,23087.977198860674,-3052.5016789528927
2017-12-01 15:00:00,Zone 2,20744.400121666666,23084.5640797824,-3481.288527656754
2017-12-01 16:00:00,Zone 2,21135.931266666666,23081.166707738204,-3242.4166128052966
2017-12-01 17:00:00,Zone 2,26660.32525166667,23077.785459187788,-3052.956363606132
2017-12-01 18:00:00,Zone 2,28463.332309999998,23074.421459884685,-3244.7251243799656
2017-12-01 19:00:00,Zone 2,28280.454126666667,23071.076470839853,-3100.8752072019342
2017-12-01 20:00:00,Zone 2,28363.91531333333,23067.75281186413,-2881.2939979923976
2017-12-01 21:00:00,Zone 2,27834.305001666668,23064.45328780611,-2308.8897017476156
2017-12-02 07:00:00,Zone 2,13292.42099,23033.58542031557,-1564.4306646709483
2017-12-02 08:00:00,Zone 2,15045.105860000001,23030.803471961965,-1419.864359242627
2017-12-02 09:00:00,Zone 2,18006.750538333334,23028.09476923719,-1430.5634306103566
2017-12-02 10:00:00,Zone 2,20786.130713333332,23025.464048547004,-1431.5644907054375
2017-12-02 11:00:00,Zone 2,22343.050016666664,23022.916242239127,-1630.4679139328182
2017-12-02 12:00:00,Zone 2,22817.428656666667,23020.456517481525,-1748.8275386962305
2017-12-02 13:00:00,Zone 2,22632.095733333335,23018.090346102854,-1894.6151253958851
2017-12-02 14:00:00,Zone 2,22575.636698333332,23015.823447451385,-1562.892287037681
2017-12-28 18:00:00,Zone 2,31266.032526666666,24447.141821491172,-1593.9928736390975
2017-01-02 13:00:00,Zone 3,18946.50602333333,17791.67262498016,1067.8437683817028
2017-01-02 14:00:00,Zone 3,18274.698795,17790.471032285473,1043.2055460855336
2017-01-11 07:00:00,Zone 3,11301.204818333334,17475.282127290484,-1024.0555615496269
2017-01-13 10:00:00,Zone 3,13018.795180000001,17468.07616033047,-1053.5053653512769
2017-01-16 12:00:00,Zone 3,16322.891565,17767.76563679969,-1163.3377519212772
2017-01-16 13:00:00,Zone 3,16504.096386666668,17772.42605931941,-1356.3323299637232
2017-01-18 11:00:00,Zone 3,18204.33734833333,17946.691509786353,1156.9536795702988
2017-01-18 12:00:00,Zone 3,18868.433736666666,17949.536777046018,1352.985410800371
2017-01-18 13:00:00,Zone 3,19290.60241,17952.355082335587,1466.8592826550412
2017-01-18 14:00:00,Zone 3,19093.975901666665,17955.14754618538,1239.5808888701176
2017-01-18 15:00:00,Zone 3,19207.710843333334,17957.915058032435,1557.1408609021892
2017-01-18 16:00:00,Zone 3,19730.12048166667,17960.658411969347,2297.083284529057
2017-01-18 17:00:00,Zone 3,23520.963854999998,17963.37831810562,2259.4380273806273
2017-01-18 18:00:00,Zone 3,27626.024096666664,17966.075407552544,1429.3982836699943
2017-01-18 19:00:00,Zone 3,27312.771085,17968.750290885117,1032.933855437157
2017-01-25 10:00:00,Zone 3,14832.771085,17896.226164532356,-1037.5477987128324
2017-01-25 11:00:00,Zone 3,16113.73494,17894.02299385899,-1088.0112783484146
2017-01-25 12:00:00,Zone 3,16700.722891666668,17891.791998345765,-1028.5672502082125
2017-01-26 11:00:00,Zone 3,18042.409638333334,17835.935021112287,1127.9447337958954
2017-01-29 20:00:00,Zone 3,24620.722893333335,17687.53523999119,-1089.3829104128818
2017-02-08 17:00:00,Zone 3,16753.20603,17208.657831161643,-1057.615960649504
2017-02-10 16:00:00,Zone 3,16840.0402,17276.849027043092,1097.7374056621993
2017-02-10 17:00:00,Zone 3,18811.17588,17278.874583915906,1392.0969430069963
2017-02-12 17:00:00,Zone 3,19924.582916666666,17376.258623289643,1503.793620612927
2017-02-14 17:00:00,Zone 3,16757.065326666667,17405.4120672075,-1190.4020950814884
2017-02-18 16:00:00,Zone 3,16133.788945,17439.652316904427,-1104.4414598606527
2017-02-18 17:00:00,Zone 3,16919.155778333334,17440.735773161545,-1245.6272490158426
2017-02-19 12:00:00,Zone 3,18937.567838333332,17459.982794701344,1358.0456943116988
2017-02-19 13:00:00,Zone 3,19955.457288333335,17460.782395719863,1711.3182924007451
2017-02-19 14:00:00,Zone 3,19521.28643333333,17461.55063407165,1426.0630370122599
2017-02-19 15:00:00,Zone 3,18852.66331666667,17462.28667736596,1229.4479737904403
2017-02-19 16:00:00,Zone 3,18779.336685,17462.9896197342,1391.908487730616
2017-02-19 17:00:00,Zone 3,19682.412061666666,17463.658602939213,1371.6603138671526
2017-02-19 18:00:00,Zone 3,25877.547738333335,17464.292863012917,1269.0730559068434
2017-02-22 20:00:00,Zone 3,27928.763819999996,17391.23653819572,1923.9678003872068
2017-02-22 21:00:00,Zone 3,27537.045224999998,17388.54497557973,2219.260748979861
2017-02-22 22:00:00,Zone 3,25313.125628333335,17385.816683235418,1849.4262205255109
2017-02-22 23:00:00,Zone 3,22049.125625,17383.052341795126,1810.6266537100491
2017-02-23 00:00:00,Zone 3,18743.63819,17380.252654874374,1447.0334663782087
2017-02-23 01:00:00,Zone 3,16872.844221666666,17377.418429160505,1344.552733408269
2017-02-23 02:00:00,Zone 3,15870.39196,17374.55062820222,1285.6623922124054
2017-02-23 03:00:00,Zone 3,15274.130651666666,17371.650343360256,1094.277315014151
2017-02-23 04:00:00,Zone 3,15156.422111666667,17368.718662522875,1045.115102533513
2017-02-23 05:00:00,Zone 3,15912.844221666666,17365.75668317494,1189.9262989079543
2017-02-23 06:00:00,Zone 3,14893.025123333333,17362.76558096173,1051.8953194434507
2017-03-01 12:00:00,Zone 3,17771.61290333333,17029.52998215691,1100.3293415455446
2017-03-01 13:00:00,Zone 3,18236.129033333335,17028.337148795446,1127.3603054106607
2017-03-14 17:00:00,Zone 3,18684.193548333333,17356.4383015562,1440.15968132954
2017-03-14 18:00:00,Zone 3,23769.677421666667,17354.58749749251,1125.5929940878596
2017-03-17 18:00:00,Zone 3,22699.354841666664,17089.614151542624,1250.6498037536767
2017-03-17 19:00:00,Zone 3,26684.516128333333,17085.51047450648,1442.4981411036897
2017-03-17 20:00:00,Zone 3,27136.451613333335,17081.405956273302,1513.1857190067349
2017-03-17 21:00:00,Zone 3,26779.354838333336,17077.299942813595,1611.144512820203
2017-03-17 22:00:00,Zone 3,25236.774193333335,17073.191834597565,1796.2905874365642
2017-03-17 23:00:00,Zone 3,22014.193546666665,17069.08103719141,1437.7396493012457
2017-03-27 18:00:00,Zone 3,22341.290321666664,16750.721146228636,1558.300747111498
2017-03-27 19:00:00,Zone 3,27490.64516,16754.063411732885,1632.6262084876616
2017-03-27 20:00:00,Zone 3,27590.322579999996,16757.506198149207,1616.1361753779165
2017-03-27 21:00:00,Zone 3,26227.741933333335,16761.052738025548,1421.544073033463
2017-03-27 22:00:00,Zone 3,23718.387095,16764.7060852764,1516.811305442934
2017-03-27 23:00:00,Zone 3,19907.419355,16768.46901776401,1096.013555342186
2017-03-28 00:00:00,Zone 3,17433.870968333333,16772.34396619919,1017.0235954245909
2017-03-28 15:00:00,Zone 3,17362.258066666665,16845.115447712666,1353.0227449489357
2017-03-28 16:00:00,Zone 3,16874.516128333333,16850.990740993522,1104.6097779951888
2017-03-31 17:00:00,Zone 3,14662.258065,17532.86876977647,-1180.785397014697
2017-03-31 18:00:00,Zone 3,18642.580648333333,17544.192943422426,-1255.2806105089767
2017-03-31 19:00:00,Zone 3,24740.322581666667,17555.561568608216,-1213.50364856727
2017-03-31 20:00:00,Zone 3,24862.258065,17566.974641111436,-1339.460393361307
2017-03-31 22:00:00,Zone 3,22383.87097,17589.934470416654,-1098.8019212891486
2017-04-13 11:00:00,Zone 3,19968.969695,18819.158453581844,1025.560617155701
2017-04-13 14:00:00,Zone 3,20684.606060000002,18820.70154398166,1121.0025279309302
2017-04-20 17:00:00,Zone 3,19974.787876666665,18588.603108981762,1171.8939126717196
2017-04-25 20:00:00,Zone 3,28451.87878833333,18214.263983963276,1059.978500290319
2017-04-27 17:00:00,Zone 3,16777.69697,18062.429501286784,-1281.2128393483508
2017-04-27 18:00:00,Zone 3,18577.454543333333,18058.027240654646,-1370.6565268871236
2017-04-27 19:00:00,Zone 3,25406.060605000002,18053.544746364198,-1307.9807863678143
2017-04-27 20:00:00,Zone 3,26023.757575,18048.981514783154,-1209.0933554840922
2017-04-27 21:00:00,Zone 3,25126.78788,18044.337188641493,-1078.457337153097
2017-04-27 23:00:00,Zone 3,19390.060606666666,18034.804633957552,-1108.576657738853
2017-04-28 17:00:00,Zone 3,18422.303031666666,17935.29140505916,1427.4345479568183
2017-04-28 18:00:00,Zone 3,20690.424241666668,17929.131524741137,1864.2497228959983
2017-04-30 22:00:00,Zone 3,25457.454546666664,17593.30631710122,1407.1132190961325
2017-04-30 23:00:00,Zone 3,21761.939394999998,17587.69025973933,1226.1702931056134
2017-05-01 18:00:00,Zone 3,17280.0,17490.999219442536,-1292.436702237912
2017-05-15 13:00:00,Zone 3,19850.040485,17596.892235395535,1043.8726812610912
2017-05-15 14:00:00,Zone 3,19455.54655833333,17598.26492250347,1278.9632759533597
2017-05-22 11:00:00,Zone 3,16178.137653333333,17634.517513745526,-1214.5572477590104
2017-05-22 12:00:00,Zone 3,16677.570851666667,17637.0029802466,-1295.4799450159644
2017-05-22 13:00:00,Zone 3,17042.914979999998,17639.53399039652,-1447.282907725723
2017-05-22 14:00:00,Zone 3,16706.72064666667,17642.1108228391,-1272.8514515127536
2017-05-25 02:00:00,Zone 3,15589.31174,17864.894273556816,-1233.9848504929323
2017-05-25 10:00:00,Zone 3,17518.056679999998,17903.93205734598,1278.0316848412294
2017-05-25 11:00:00,Zone 3,19247.611334999998,17908.959589604256,1865.1690272271699
2017-05-25 12:00:00,Zone 3,19838.380566666667,17914.01862956113,1941.3933632234657
2017-05-25 13:00:00,Zone 3,20331.983808333334,17919.108491709456,1796.796121063926
2017-05-26 01:00:00,Zone 3,16922.42915,17982.054173022152,-1228.0346274251133
2017-05-26 02:00:00,Zone 3,15802.105265,17987.396908024428,-2077.8531670184257
2017-05-26 09:00:00,Zone 3,14632.226721666666,18024.889264045523,1266.7420321250138
2017-05-26 10:00:00,Zone 3,16049.878541666667,18030.248733015786,1060.9320636055854
2017-05-26 18:00:00,Zone 3,17060.40485833333,18073.025179534423,-1822.7208214195816
2017-05-26 19:00:00,Zone 3,22869.959515,18078.34620023597,-1127.884526662685
2017-05-27 02:00:00,Zone 3,21448.421051666668,18115.264519799046,1746.6851526503997
2017-05-27 09:00:00,Zone 3,12578.137651666666,18151.28968853075,-1222.921567121779
2017-05-27 10:00:00,Zone 3,14258.137651666666,18156.343215623856,-1435.516655863954
2017-05-27 11:00:00,Zone 3,15927.449391666667,18161.373048095997,-1291.5499202749124
2017-05-27 12:00:00,Zone 3,17055.54656,18166.379679377267,-1258.9315892305494
2017-05-27 13:00:00,Zone 3,17938.785423333335,18171.363736994335,-1119.6029423956206
2017-05-28 02:00:00,Zone 3,22740.728746666664,18234.553241364458,1648.186532017662
2017-05-28 13:00:00,Zone 3,17245.020243333332,18287.109984671904,-1022.7027765799176
2017-05-28 17:00:00,Zone 3,20070.607288333333,18306.226735692257,1047.1730420366184
2017-05-28 18:00:00,Zone 3,22468.663966666663,18311.002642788255,1642.7805714850983
2017-05-29 12:00:00,Zone 3,18294.412956666667,18395.776593847775,1200.4331721878189
2017-05-29 13:00:00,Zone 3,19664.45344166667,18400.370126393653,1524.249932153809
2017-06-15 17:00:00,Zone 3,21636.92308,20156.5933592817,1149.9608536854976
2017-06-16 11:00:00,Zone 3,16055.138461666667,20305.25929844765,-1035.6121168149293
2017-06-17 08:00:00,Zone 3,14064.246155,20464.18515999656,1195.6628838517972
2017-06-17 09:00:00,Zone 3,17482.83077,20471.353791974947,2457.3207243336437
2017-06-17 10:00:00,Zone 3,20594.215385,20478.48360719744,3570.958515393075
2017-06-17 11:00:00,Zone 3,21712.738461666668,20485.57453281241,3426.445520129786
2017-06-17 12:00:00,Zone 3,22313.353846666665,20492.626280508175,2922.16091139576
2017-06-17 13:00:00,Zone 3,21677.292306666666,20499.638271443844,1674.5225998553615
2017-06-18 10:00:00,Zone 3,15265.476923333334,20636.655623317165,-1081.1878134071194
2017-06-20 13:00:00,Zone 3,21327.753845,20921.724744006387,1022.6194699789339
2017-06-24 18:00:00,Zone 3,24915.692308333335,21826.937593873587,1200.2226029507656
2017-06-24 19:00:00,Zone 3,29811.2,21834.682398426394,1184.4860850265068
2017-06-25 01:00:00,Zone 3,28586.338463333333,21881.950196373095,1306.5217253336632
2017-06-25 02:00:00,Zone 3,27641.107695000002,21889.986340218773,1773.3946563754107
2017-06-25 15:00:00,Zone 3,23535.261540000003,21999.768786952136,1415.8731354826268
2017-06-25 16:00:00,Zone 3,23833.59999833333,22008.656690458778,1626.3541576499592
2017-06-25 17:00:00,Zone 3,24077.784616666668,22017.6100016862,1576.3437163251183
2017-06-25 18:00:00,Zone 3,25651.200001666668,22026.628611592947,2093.0414155199796
2017-06-25 19:00:00,Zone 3,30471.87692166667,22035.712292665492,2203.193816767467
2017-06-25 20:00:00,Zone 3,32519.876923333333,22044.86078939314,1014.1569153962082
2017-06-25 21:00:00,Zone 3,33293.784615000004,22054.073794674587,1857.6327859913945
2017-06-25 22:00:00,Zone 3,33127.38461666667,22063.35091516946,2272.015658786684
2017-06-25 23:00:00,Zone 3,32212.67692166667,22072.6916623202,2551.5848694526394
2017-06-26 00:00:00,Zone 3,30855.876923333333,22082.09548133966,2863.4563060741784
2017-06-26 01:00:00,Zone 3,28908.307691666665,22091.561687083773,2616.242111068961
2017-06-26 02:00:00,Zone 3,27036.553846666666,22101.089529377296,2155.169428207868
2017-06-26 03:00:00,Zone 3,24690.215386666667,22110.678089989062,2410.203853949566
2017-06-26 04:00:00,Zone 3,21537.476921666665,22120.32622707681,2355.483945498974
2017-06-26 05:00:00,Zone 3,16178.215385000001,22130.032615776414,1847.6695005521542
2017-06-26 06:00:00,Zone 3,16605.538461666667,22139.795691728013,2450.0088498706245
2017-06-26 07:00:00,Zone 3,17618.707693333334,22149.61366668457,2775.8392460089817
2017-06-26 08:00:00,Zone 3,18622.030768333334,22159.48444746202,2671.439758101631
2017-06-26 09:00:00,Zone 3,18905.599998333335,22169.405678469957,1883.640550352011
2017-06-26 10:00:00,Zone 3,19484.553846666666,22179.37498032981,1224.0210259686392
2017-06-26 15:00:00,Zone 3,20219.076921666667,22229.862995656702,-1492.961974771515
2017-06-26 16:00:00,Zone 3,20165.907691666667,22240.07277972188,-1606.4612361565596
2017-06-26 17:00:00,Zone 3,19845.907693333334,22250.31471461121,-2002.7519528649427
2017-06-26 18:00:00,Zone 3,19789.784615,22260.586678440435,-2724.244767484295
2017-06-26 19:00:00,Zone 3,24096.492306666667,22270.886687007445,-3064.129490696807
2017-06-26 20:00:00,Zone 3,30106.584613333336,22281.212946008563,-1267.5680254256622
2017-06-26 21:00:00,Zone 3,29813.16923,22291.56387955474,-1439.1098774073434
2017-06-26 22:00:00,Zone 3,29613.292308333333,22301.937950190895,-1176.592986845044
2017-06-26 23:00:00,Zone 3,28295.876921666666,22312.333540721043,-1028.3513045360887
2017-06-27 00:00:00,Zone 3,25578.33846166667,22322.748899429047,-1526.8823464150955
2017-06-27 01:00:00,Zone 3,22490.584613333336,22333.182155725775,-2478.184397306355
2017-06-27 02:00:00,Zone 3,20608.98461666667,22343.631462841844,-2777.466452734039
2017-06-27 03:00:00,Zone 3,20057.600000000002,22354.094975744345,-1487.6737650714203
2017-06-28 01:00:00,Zone 3,23134.523075,22583.64512844628,-1148.612583866754
2017-06-28 02:00:00,Zone 3,21213.538461666667,22593.875177838363,-1406.0984610545747
2017-07-01 20:00:00,Zone 3,36663.76569166667,23721.651611354555,1321.2892965828833
2017-07-04 11:00:00,Zone 3,26868.953976666668,24566.845954763736,1381.4016852008208
2017-07-04 12:00:00,Zone 3,27822.928868333333,24578.3659712162,1369.9708655162685
2017-07-07 15:00:00,Zone 3,24050.209203333332,25599.41890506282,-1165.5649910366847
2017-07-07 16:00:00,Zone 3,24139.58159,25615.91752835318,-1159.1269819847985
2017-07-10 12:00:00,Zone 3,28748.786611666666,26812.239575418498,1034.8191969351283
2017-07-13 11:00:00,Zone 3,25579.581591666665,28165.880865067873,-1908.8446290861502
2017-07-13 12:00:00,Zone 3,27404.184100000002,28181.30764822534,-1354.4470402047264
2017-07-13 13:00:00,Zone 3,27470.46025,28196.605067234424,-1359.849129524071
2017-07-14 20:00:00,Zone 3,41985.941425000005,28625.892291774308,1065.7716778806316
2017-07-21 00:00:00,Zone 3,31015.230125000002,30180.656555281337,-1208.1940398659135
2017-07-21 01:00:00,Zone 3,27149.12134,30192.46290458472,-1185.9526475298553
2017-07-24 09:00:00,Zone 3,24781.255231666666,31072.26585879766,-2143.4482640017595
2017-07-24 10:00:00,Zone 3,26956.31799333333,31077.307186038415,-1905.6392138357187
2017-07-24 11:00:00,Zone 3,28379.24686166667,31082.00091139968,-1935.856350326485
2017-07-24 12:00:00,Zone 3,29818.242676666665,31086.340766091045,-1849.4403340932804
2017-07-24 13:00:00,Zone 3,30834.476986666665,31090.3208566134,-1502.5974400720734
2017-07-24 14:00:00,Zone 3,30624.60251,31093.935630768905,-1216.4532077571566
2017-07-24 15:00:00,Zone 3,29905.606696666666,31097.179922790652,-1141.8214943519633
2017-07-24 16:00:00,Zone 3,29788.117156666664,31100.049021670722,-1073.9605251620997
2017-07-24 17:00:00,Zone 3,29984.937238333336,31102.538702319314,-1374.0969585844541
2017-07-24 18:00:00,Zone 3,30928.870291666666,31104.64509399386,-1629.7021972166258
2017-07-24 20:00:00,Zone 3,47223.76569,31107.6938802916,1130.6298804485814
2017-07-24 21:00:00,Zone 3,45827.949791666666,31108.630286163167,1441.85970244302
2017-07-24 22:00:00,Zone 3,43174.89539666667,31109.17154656674,1438.106186115896
2017-07-24 23:00:00,Zone 3,39669.288705,31109.316031852093,1778.9345354346187
2017-07-25 00:00:00,Zone 3,35410.54393166667,31109.062738436576,1911.1019224052397
2017-07-25 01:00:00,Zone 3,30970.041841666665,31108.411314138284,1693.3998387522515
2017-07-25 02:00:00,Zone 3,28081.004184999998,31107.362034786125,1460.986839392186
2017-07-25 03:00:00,Zone 3,27008.535563333335,31105.91549756576,1282.058828776877
2017-07-25 04:00:00,Zone 3,25687.029290000002,31104.072337928337,1415.4300324829637
2017-07-25 05:00:00,Zone 3,21306.77824,31101.83331184171,1395.917948448645
2017-07-25 06:00:00,Zone 3,21098.912133333335,31099.1995127667,1723.548018597965
2017-07-25 07:00:00,Zone 3,23351.297071666664,31096.172355115938,1970.573781805564
2017-07-25 08:00:00,Zone 3,26450.209205000003,31092.753365231525,1993.9651819886058
2017-07-25 09:00:00,Zone 3,29507.94979,31088.94400925797,2461.108749767107
2017-07-25 10:00:00,Zone 3,31689.037656666667,31084.745694756337,1961.555413037957
2017-07-25 11:00:00,Zone 3,33354.97907833333,31080.15980964534,1855.1127666301873
2017-07-25 12:00:00,Zone 3,34307.94978833333,31075.187731831895,1518.5675581945252
2017-07-25 13:00:00,Zone 3,34461.58996,31069.830850380167,1266.072110286328
2017-07-25 15:00:00,Zone 3,32914.14226,31057.96932875152,1013.7871697687224
2017-07-25 17:00:00,Zone 3,33211.38075333334,31044.590726737384,1396.4743638957552
2017-07-25 18:00:00,Zone 3,34556.98745,31037.338081052338,1510.8688614494386
2017-07-25 19:00:00,Zone 3,41537.071130000004,31029.713514094823,1087.802470564111
2017-07-25 21:00:00,Zone 3,45479.49791,31013.361441193883,1227.4886949902357
2017-07-25 22:00:00,Zone 3,42616.56903666667,31004.641113016765,1095.4241135936609
2017-07-26 04:00:00,Zone 3,25148.786611666666,30944.99370440948,1209.2971367825594
2017-07-26 05:00:00,Zone 3,20985.439329999997,30933.882773300178,1254.786733682471
2017-07-26 14:00:00,Zone 3,33415.230125,30820.20559404256,1068.6781607902958
2017-07-26 15:00:00,Zone 3,32756.485356666668,30806.167023423084,1105.2305417000316
2017-07-26 16:00:00,Zone 3,32654.058576666666,30791.868909228928,1183.5008621058805
2017-07-26 17:00:00,Zone 3,32755.481173333334,30777.316080879493,1478.3770025641534
2017-07-26 18:00:00,Zone 3,34311.96652666666,30762.512750111015,1898.741315596817
2017-07-26 19:00:00,Zone 3,41843.347279999994,30747.46262862929,2071.9508430754795
2017-07-26 20:00:00,Zone 3,47136.401675,30732.169088842056,1853.4923983592125
2017-07-26 21:00:00,Zone 3,44982.426775,30716.635115687644,1729.961126323342
2017-07-26 22:00:00,Zone 3,41779.079496666665,30700.86315264515,1286.4713489537316
2017-07-27 00:00:00,Zone 3,33556.820081666665,30668.611693101026,1057.4799278614446
2017-07-27 02:00:00,Zone 3,27019.58158833333,30635.422810535325,1167.2148345032474
2017-07-27 03:00:00,Zone 3,26086.69456,30618.478245737853,1055.527652374607
2017-07-27 09:00:00,Zone 3,27729.539748333333,30511.945478932976,1015.0648159850498
2017-07-27 10:00:00,Zone 3,29876.485356666668,30493.383867474222,1184.2738662562515
2017-07-27 11:00:00,Zone 3,32095.732216666667,30474.59311610089,1871.3291746346367
2017-07-27 12:00:00,Zone 3,33426.27615166667,30455.573473370867,2062.3492070320644
2017-07-27 13:00:00,Zone 3,33716.485355000004,30436.32509492375,2000.8432497969043
2017-07-27 14:00:00,Zone 3,32814.728031666666,30416.848095633977,1183.80530629239
2017-07-27 15:00:00,Zone 3,32264.435146666667,30397.14272038524,1144.500960918791
2017-07-27 16:00:00,Zone 3,32251.380751666667,30377.209582206197,1218.4790830494967
2017-07-27 17:00:00,Zone 3,33111.96652833334,30357.049614454765,2219.2913847802665
2017-07-27 18:00:00,Zone 3,34527.866108333335,30336.663958506768,2318.045991764622
2017-07-27 19:00:00,Zone 3,42371.548116666665,30316.05378595834,2921.373020529096
2017-07-27 20:00:00,Zone 3,47100.251046666664,30295.21966076631,2579.4450124537143
2017-07-27 21:00:00,Zone 3,45202.34309666667,30274.161347321224,2533.2223983155673
2017-07-27 22:00:00,Zone 3,42529.20502166666,30252.877788851543,2498.5224597477245
2017-07-27 23:00:00,Zone 3,38654.05857666667,30231.36721722754,2056.3258207151775
2017-07-28 00:00:00,Zone 3,34202.51046,30209.627184283447,1669.053029595976
2017-07-28 01:00:00,Zone 3,29722.845188333333,30187.654539855732,1148.1340527282737
2017-07-28 07:00:00,Zone 3,21534.728033333333,30050.707609300145,1053.4091515917535
2017-07-28 08:00:00,Zone 3,24423.765691666664,30026.991985570217,1089.068306826648
2017-07-28 09:00:00,Zone 3,27994.644351666666,30003.011188634657,1564.8079186679352
2017-07-28 10:00:00,Zone 3,30542.259414999997,29978.761769434488,2037.7070438596857
2017-07-28 11:00:00,Zone 3,32307.61506,29954.240626979474,1935.6749335031018
2017-07-28 12:00:00,Zone 3,33347.94979,29929.444943028848,2155.8230653049905
2017-07-28 13:00:00,Zone 3,33745.60669666666,29904.3722213127,2385.5051857603576
2017-07-28 14:00:00,Zone 3,32826.778245,29879.020288851563,2329.1261609484936
2017-07-28 15:00:00,Zone 3,32037.48954,29853.387218359887,2100.2138826658556
2017-07-28 16:00:00,Zone 3,31843.682008333333,29827.471332900994,1708.6225322299397
2017-07-28 17:00:00,Zone 3,27654.225941666664,29801.271195648475,-1713.0207375437712
2017-07-28 18:00:00,Zone 3,29118.326360000003,29774.785328145965,-1743.6640772462051
2017-07-28 19:00:00,Zone 3,35719.832636666666,29748.012196883275,-2229.912134750586
2017-07-28 20:00:00,Zone 3,40389.28870333333,29720.95070922279,-2408.283205765194
2017-07-28 21:00:00,Zone 3,38277.48954,29693.600458853543,-2574.566701895874
2017-07-28 22:00:00,Zone 3,36450.87866166667,29665.961776330514,-1839.1142240299523
2017-07-28 23:00:00,Zone 3,33614.05857666667,29638.0357096454,-1450.8252625665991
2017-07-29 00:00:00,Zone 3,30039.163178333332,29609.82390547346,-1539.9593111398353
2017-07-29 01:00:00,Zone 3,26551.631801666666,29581.328397154637,-1412.493567231395
2017-07-29 02:00:00,Zone 3,23705.774058333333,29552.55156949616,-1235.8654958805273
2017-07-29 03:00:00,Zone 3,22665.439329999997,29523.49622663938,-1042.6051056296164
2017-07-29 04:00:00,Zone 3,20846.86192666667,29494.165467016883,-1194.9319550493892
2017-07-29 07:00:00,Zone 3,18696.903765,29404.559144137664,-1075.9337287521266
2017-07-29 08:00:00,Zone 3,21901.255231666666,29374.16893585303,-1063.3979429588871
2017-07-29 09:00:00,Zone 3,24637.656901666665,29343.528395555048,-1287.6692918427361
2017-07-29 10:00:00,Zone 3,25917.991633333335,29312.644970609315,-1701.6110893750592
2017-07-29 11:00:00,Zone 3,26928.200835,29281.52690341386,-2179.1764187430053
2017-07-29 12:00:00,Zone 3,27887.196653333333,29250.183233887416,-2564.123039711554
2017-07-29 13:00:00,Zone 3,28107.11297,29218.623695048303,-2848.1821732752906
2017-07-29 14:00:00,Zone 3,28076.987446666666,29186.85867956231,-2417.700162406876
2017-07-29 15:00:00,Zone 3,27788.78661166667,29154.899295829244,-2401.8628398546716
2017-07-29 16:00:00,Zone 3,28155.31380666667,29122.75732203725,-2205.609060794912
2017-07-29 17:00:00,Zone 3,28766.861925,29090.445185383138,-1432.9873733176755
2017-07-29 18:00:00,Zone 3,29860.41841,29057.97603465001,-1783.0131578214423
2017-07-29 19:00:00,Zone 3,37071.464434999994,29025.36364163836,-1887.9343522777344
2017-07-29 20:00:00,Zone 3,41760.0,28992.62234554106,-1695.5547681827338
2017-07-29 21:00:00,Zone 3,39747.61506333333,28959.767047304376,-1471.723246172005
2017-07-29 22:00:00,Zone 3,37100.585775,28926.81320660469,-1400.368077687308
2017-07-29 23:00:00,Zone 3,34277.82426833333,28893.776850409107,-1057.4791366183817
2017-07-30 03:00:00,Zone 3,22836.15063,28761.144598555205,-1124.3616989645961
2017-07-30 04:00:00,Zone 3,21253.556485,28727.952750056804,-1060.8177087162476
2017-07-31 09:00:00,Zone 3,25595.648535,27831.263395547525,1024.029004977383
2017-07-31 13:00:00,Zone 3,29804.184101666662,27724.732894513574,1064.6004945890127
2017-07-31 14:00:00,Zone 3,29512.970711666665,27698.950478023406,1157.4745752518356
2017-07-31 15:00:00,Zone 3,28983.76569,27673.51910980729,1186.3801772356019
2017-07-31 16:00:00,Zone 3,28728.702928333336,27648.443982860994,1152.094400571772
2017-07-31 17:00:00,Zone 3,29912.635981666666,27623.730069291625,1919.534572952587
2017-07-31 18:00:00,Zone 3,30957.991633333335,27599.382057020186,1875.8293277913908
2017-07-31 19:00:00,Zone 3,37745.27196666667,27575.404419942086,1771.486323640529
2017-07-31 20:00:00,Zone 3,41213.72385,27551.801339957183,1045.3351064057933
2017-08-01 09:00:00,Zone 3,22902.570531666668,27280.347020772526,-1268.0214214332627
2017-08-01 12:00:00,Zone 3,27446.77116,27227.18186638463,-1218.0227416673697
2017-08-01 17:00:00,Zone 3,27192.978056666663,27146.275364927715,-1099.2879285793497
2017-08-01 18:00:00,Zone 3,28075.736675000004,27131.21998783903,-1278.9590376119777
2017-08-01 20:00:00,Zone 3,38691.91222666667,27102.206114971355,-1059.5782403201374
2017-08-02 14:00:00,Zone 3,25867.836988333333,26899.4626162094,-1933.8794665288733
2017-08-02 15:00:00,Zone 3,25320.12539,26890.793170661847,-2081.0320288918447
2017-08-02 16:00:00,Zone 3,24781.442008333335,26882.33962362072,-2500.2334045889293
2017-08-02 17:00:00,Zone 3,25658.181818333334,26874.09376049564,-2233.4110388124136
2017-08-02 18:00:00,Zone 3,26858.934168333333,26866.048038710185,-1996.7429514197029
2017-08-02 19:00:00,Zone 3,33115.48589166666,26858.195685308376,-2639.3592184884837
2017-08-02 20:00:00,Zone 3,36810.03134833334,26850.530749984606,-2363.971364424422
2017-08-02 21:00:00,Zone 3,34973.29153833333,26843.048101675482,-2303.005211240208
2017-08-02 22:00:00,Zone 3,33272.97805666667,26835.743295821063,-1630.2730864787773
2017-08-02 23:00:00,Zone 3,30605.642633333333,26828.612307655916,-1358.1928598127524
2017-08-03 00:00:00,Zone 3,27553.103448333335,26821.651334150996,-1025.8665310949582
2017-08-03 01:00:00,Zone 3,24160.501568333333,26814.856664007944,-1207.1385621018526
2017-08-03 02:00:00,Zone 3,21387.836988333333,26808.22466253069,-1422.871407415143
2017-08-03 03:00:00,Zone 3,20638.495295,26801.751577765925,-1169.5824270792582
2017-08-03 04:00:00,Zone 3,19510.971786666665,26795.433586645326,-1102.2493541933327
2017-08-03 06:00:00,Zone 3,15056.050156666666,26783.24871833224,-1111.043793894416
2017-08-03 09:00:00,Zone 3,22662.82131666667,26766.0569201937,-1090.15565635655
2017-08-03 10:00:00,Zone 3,24238.746081666668,26760.608230570582,-1098.9220432874827
2017-08-03 12:00:00,Zone 3,25475.611286666666,26750.13161686085,-1939.2100981092335
2017-08-03 13:00:00,Zone 3,24368.150469999997,26745.10701984065,-2902.5869643854858
2017-08-03 14:00:00,Zone 3,26162.758621666668,26740.22906118754,-1097.8398311946512
2017-08-07 15:00:00,Zone 3,25930.031346666667,26992.46021897445,-1178.669245804991
2017-08-07 16:00:00,Zone 3,24580.815048333334,26995.873612524578,-2246.2495692430857
2017-08-07 19:00:00,Zone 3,38191.34796333333,27005.320423705638,1349.284798389086
2017-08-07 20:00:00,Zone 3,40687.147335,27008.20045216817,1462.6800928642333
2017-08-07 21:00:00,Zone 3,38602.63323,27010.943946536798,1266.8573942111507
2017-08-07 22:00:00,Zone 3,36456.9279,27013.549516376257,1129.7696193056981
2017-08-08 09:00:00,Zone 3,25162.633228333332,27032.73179856261,1166.962145297046
2017-08-08 10:00:00,Zone 3,26847.899683333333,27033.604944612678,1028.856144187219
2017-08-08 13:00:00,Zone 3,30013.793103333333,27035.405955995255,1331.6117989590894
2017-08-08 14:00:00,Zone 3,29789.090908333335,27035.742541642365,1423.7911740396157
2017-08-08 15:00:00,Zone 3,29421.943573333334,27035.95151016691,1663.1135008634374
2017-08-08 16:00:00,Zone 3,29400.877743333334,27036.03549383569,1721.8955479239266
2017-08-08 17:00:00,Zone 3,30036.865203333335,27035.996867276834,1307.1931673315376
2017-08-08 18:00:00,Zone 3,31452.28840166667,27035.83758532515,1217.5960803140333
2017-08-08 20:00:00,Zone 3,40433.354231666664,27035.162810345733,1095.4583935854535
2017-08-09 15:00:00,Zone 3,28804.01254,27005.813330873945,1132.3247272924746
2017-08-09 20:00:00,Zone 3,37813.166143333336,26990.492817259503,-1140.3335495283463
2017-08-09 21:00:00,Zone 3,35903.197491666666,26986.96030654356,-1068.8314839549457
2017-08-13 06:00:00,Zone 3,16534.670846666664,26349.52086716127,1095.9435669211925
2017-08-13 07:00:00,Zone 3,18622.194355,26342.553973023394,1204.6416515922756
2017-08-14 06:00:00,Zone 3,13311.598745000001,26224.87050069646,-1304.2948335424007
2017-08-14 07:00:00,Zone 3,15191.473353333335,26221.440896624772,-1513.1605250657303
2017-08-14 19:00:00,Zone 3,36209.153608333334,26187.995167834575,-1144.5044400000334
2017-08-14 20:00:00,Zone 3,36833.10345,26185.73184767518,-1569.948412853424
2017-08-14 21:00:00,Zone 3,35231.09717833333,26183.532290670828,-1345.5861540392943
2017-08-14 22:00:00,Zone 3,33178.683385000004,26181.393549534492,-1052.2005909366962
2017-08-14 23:00:00,Zone 3,30364.890281666667,26179.313007743156,-1100.1345200045107
2017-08-15 02:00:00,Zone 3,20930.40752333333,26173.395223076586,-1165.072601929256
2017-08-15 03:00:00,Zone 3,19236.112853333336,26171.521104481755,-1329.88608050911
2017-08-15 04:00:00,Zone 3,18807.774296666666,26169.69140825294,-1047.371515993047
2017-08-15 06:00:00,Zone 3,12425.83072,26166.155128684444,-2335.678798126195
2017-08-15 07:00:00,Zone 3,13983.699059999999,26164.443689410666,-2457.318493265808
2017-08-15 08:00:00,Zone 3,16872.727275,26162.766812577134,-2665.981762587475
2017-08-15 09:00:00,Zone 3,19433.730406666666,26161.1223852194,-2925.265592050877
2017-08-15 10:00:00,Zone 3,23584.702195,26159.508519549905,-1214.1327798786551
2017-08-18 19:00:00,Zone 3,38999.87460666667,25898.225501876474,1489.8806781951425
2017-08-18 20:00:00,Zone 3,39734.169278333335,25890.438029820438,1727.5852304236614
2017-08-18 21:00:00,Zone 3,37356.73981333333,25882.48529230459,1459.9471341504395
2017-08-19 00:00:00,Zone 3,28980.564264999997,25857.604502213475,1144.8122240827506
2017-08-19 20:00:00,Zone 3,39795.36050166667,25647.379259007455,1024.6323708961245
2017-08-20 02:00:00,Zone 3,23442.257053333335,25567.77061828387,1055.64480823126
2017-08-20 18:00:00,Zone 3,29528.275863333332,25317.069234358958,1027.2530747347446
2017-08-21 20:00:00,Zone 3,34545.95611333333,24808.30120022821,-1375.1005089440187
2017-08-21 21:00:00,Zone 3,32723.260186666666,24786.500971334706,-1187.4687090493462
2017-08-21 22:00:00,Zone 3,30940.689655,24764.535513032795,-1094.8739034968348
2017-08-23 20:00:00,Zone 3,35290.28213166667,23612.028304002757,1083.4458752136125
2017-08-27 18:00:00,Zone 3,24355.10971666667,20437.994593815016,1469.3366095853999
2017-08-27 19:00:00,Zone 3,30335.79937333333,20397.981812572903,1287.5866092110518
2017-08-27 20:00:00,Zone 3,29841.253918333332,20357.89012732284,1069.9203302801288
2017-08-27 21:00:00,Zone 3,28672.601881666666,20317.724883856623,1059.4531071640304
2017-08-27 22:00:00,Zone 3,28044.6395,20277.491497856852,1566.2775292650913
2017-08-27 23:00:00,Zone 3,25212.789966666667,20237.19558378031,1216.7382966078949
2017-08-29 11:00:00,Zone 3,16644.01254,18814.188773812453,-1287.5853054377621
2017-08-29 16:00:00,Zone 3,17595.98746,18631.346659763043,-1067.4847158401826
2017-08-30 10:00:00,Zone 3,14891.53605,18019.636879847345,-1232.6747192035036
2017-08-30 19:00:00,Zone 3,24193.605014999997,17746.025089256862,-1140.693928314282
2017-08-30 20:00:00,Zone 3,23799.373043333337,17717.101032461673,-1210.2624818916338
2017-08-31 07:00:00,Zone 3,10815.799373333333,17419.262521983823,-1124.684554647385
2017-08-31 18:00:00,Zone 3,17941.065830000003,17159.02824088135,-1059.2321234626288
2017-08-31 19:00:00,Zone 3,22433.10345,17137.23031152043,-1380.5628585768118
2017-08-31 20:00:00,Zone 3,22151.22257166667,17115.742673844175,-1350.343540483531
2017-08-31 21:00:00,Zone 3,21877.366771666668,17094.56588333518,-1248.8102053665243
2017-09-01 00:00:00,Zone 3,17261.368743333336,17032.908507964414,-1126.2678472503121
2017-09-01 03:00:00,Zone 3,13706.721146666669,16974.07703129762,-1139.6460483005048
2017-09-01 09:00:00,Zone 3,13008.539328333334,16864.948475931575,-1176.9985565501975
2017-09-01 10:00:00,Zone 3,13260.551583333334,16847.86879898808,-1568.7354974075497
2017-09-01 11:00:00,Zone 3,13704.759958333334,16831.104884605207,-2089.4677698561372
2017-09-01 12:00:00,Zone 3,13877.344228333333,16814.656087161293,-2437.538375709788
2017-09-01 13:00:00,Zone 3,14130.33708,16798.521812185492,-2200.6590092921106
2017-09-01 14:00:00,Zone 3,14378.426965,16782.701658082846,-1754.8029138814327
2017-09-01 15:00:00,Zone 3,14882.451481666665,16767.195380276775,-1289.841961154194
2017-09-01 16:00:00,Zone 3,15095.240041666666,16752.0028914349,-1119.8479750847073
2017-09-01 18:00:00,Zone 3,17205.474975,16722.55931788927,-1507.0844248081285
2017-09-01 19:00:00,Zone 3,21858.386110000003,16708.308080431332,-1814.1255713536848
2017-09-01 20:00:00,Zone 3,21670.112358333336,16694.37027269649,-1789.6180575379676
2017-09-01 21:00:00,Zone 3,21226.884575,16680.745621766608,-1716.0005857434753
2017-09-01 22:00:00,Zone 3,20286.49642666667,16667.433899078736,-1607.465573519863
2017-09-01 23:00:00,Zone 3,18607.722163333336,16654.434950984145,-1556.3035564060538
2017-09-02 00:00:00,Zone 3,16846.57814166667,16641.748728366914,-1407.432197295755
2017-09-02 08:00:00,Zone 3,11734.749745000001,16551.529950625387,-1170.9028907687134
2017-09-02 09:00:00,Zone 3,13126.210420000001,16541.65343418628,-1098.9468536087606
2017-09-02 19:00:00,Zone 3,25373.810011666665,16459.339101455065,1035.0430341537685
2017-09-03 00:00:00,Zone 3,20006.046986666668,16428.802490306145,1353.1893427754585
2017-09-03 01:00:00,Zone 3,18580.265578333332,16423.495848921146,1480.4085003782893
2017-09-03 03:00:00,Zone 3,16284.698671666667,16413.656759766087,1029.92222354154
2017-09-07 18:00:00,Zone 3,19414.74974666667,15978.949934868418,1120.265371486963
2017-09-07 19:00:00,Zone 3,23620.510726666664,15967.873026178868,1528.9584183624665
2017-09-07 20:00:00,Zone 3,23551.869253333334,15956.83875839526,1698.38686403061
2017-09-07 21:00:00,Zone 3,22870.357506666667,15945.854296059162,1572.6386028127672
2017-09-07 22:00:00,Zone 3,21411.235953333333,15934.926164438042,1395.6919280495422
2017-09-08 00:00:00,Zone 3,17466.312565,15913.262484495453,1019.4333335257816
2017-09-08 01:00:00,Zone 3,16042.492339999999,15902.538078204754,1083.5457211757348
2017-09-08 02:00:00,Zone 3,15148.192033333333,15891.892568628336,1178.2721797325612
2017-09-08 13:00:00,Zone 3,16500.429008333333,15781.123412987312,1181.670449311605
2017-09-08 14:00:00,Zone 3,16225.863125000002,15771.675711490769,1146.9085365821174
2017-09-08 19:00:00,Zone 3,23744.065371666667,15725.932120841657,1251.7890482467647
2017-09-08 23:00:00,Zone 3,19856.016343333333,15690.999386882602,1411.2750705804247
2017-09-09 00:00:00,Zone 3,17856.588356666663,15682.477983062734,1299.514484655243
2017-09-10 00:00:00,Zone 3,15711.052095000001,15494.417137898417,-1142.0158006508955
2017-09-10 01:00:00,Zone 3,14359.795709999999,15486.962137617671,-1179.884224516578
2017-09-10 12:00:00,Zone 3,13599.836571666667,15404.672704206936,-1388.4143682681715
2017-09-10 13:00:00,Zone 3,12308.396321666667,15397.070384979392,-2855.223654220921
2017-09-10 14:00:00,Zone 3,12665.331971666667,15389.43354173917,-2391.3853312372557
2017-09-10 15:00:00,Zone 3,13185.045965,15381.7597920733,-1672.3265623340576
2017-09-10 16:00:00,Zone 3,13060.510725,15374.047012751627,-1701.36510612426
2017-09-10 17:00:00,Zone 3,13033.054135,15366.293328595237,-1718.0843692556573
2017-09-10 18:00:00,Zone 3,15328.621041666667,15358.497176977638,-2666.410099265555
2017-09-10 19:00:00,Zone 3,18333.156281666666,15350.657325703116,-2921.086797748392
2017-09-10 20:00:00,Zone 3,18369.4382,15342.772978635168,-2752.9251434419893
2017-09-10 21:00:00,Zone 3,17956.608783333333,15334.843996263975,-2612.6057553616592
2017-09-10 22:00:00,Zone 3,16485.720123333333,15326.870785334959,-2823.3439015268523
2017-09-10 23:00:00,Zone 3,14152.890701666665,15318.85412810941,-2794.2928438387444
2017-09-11 00:00:00,Zone 3,12796.731358333333,15310.795189700762,-2164.6891888610444
2017-09-11 01:00:00,Zone 3,12002.451481666665,15302.695615337065,-1684.7401047009662
2017-09-11 02:00:00,Zone 3,11147.374871666667,15294.557519306625,-1976.0194672701145
2017-09-11 03:00:00,Zone 3,11186.598571666667,15286.383587510187,-1739.756823927688
2017-09-11 04:00:00,Zone 3,11571.9714,15278.177200999471,-1599.0579874213781
2017-09-11 05:00:00,Zone 3,10014.790601833332,15269.942313215366,-1478.2837370895631
2017-09-11 06:00:00,Zone 3,8349.744637333333,15261.683172115325,-1268.3532812275207
2017-09-11 07:00:00,Zone 3,9032.236976333334,15253.404246518649,-1471.2993573620206
2017-09-11 08:00:00,Zone 3,10167.763022000001,15245.110260759078,-1647.9268536142881
2017-09-11 09:00:00,Zone 3,11272.890705,15236.80613768239,-1824.0540058321367
2017-09-11 10:00:00,Zone 3,11920.081715,15228.496963821322,-1960.7308623869176
2017-09-11 11:00:00,Zone 3,12123.064351666666,15220.18810266968,-2030.5497421060954
2017-09-11 12:00:00,Zone 3,13027.170585,15211.88525186544,-1426.9469607628616
2017-09-13 19:00:00,Zone 3,22362.410623333333,14907.750822081793,1086.5986885295679
2017-09-13 20:00:00,Zone 3,22340.837586666665,14906.269645796001,1268.8733464339784
2017-09-13 21:00:00,Zone 3,21466.149135,14904.90858075932,1137.6025484507973
2017-09-14 10:00:00,Zone 3,15378.631253333333,14895.7658569473,1218.4883417542205
2017-09-14 20:00:00,Zone 3,18865.617978333332,14893.072217717783,-1265.219701582766
2017-09-14 21:00:00,Zone 3,18011.52196166667,14892.6408745797,-1531.437291083961
2017-09-14 22:00:00,Zone 3,16342.553625,14892.144080387337,-1676.7179721424873
2017-09-26 11:00:00,Zone 3,14323.513789999999,13980.942985741993,1138.9972453491791
2017-09-26 12:00:00,Zone 3,14998.161388333334,13972.959199512135,1212.8670053171754
2017-09-28 08:00:00,Zone 3,8761.593462666666,13685.16397219383,-1270.4465002027828
2017-09-28 09:00:00,Zone 3,9867.701735,13680.132292405282,-1221.501408555796
2017-09-28 10:00:00,Zone 3,10769.84678,13675.140982406941,-1254.0633710455477
2017-09-28 11:00:00,Zone 3,11277.793666666666,13670.18685516362,-1388.8294916536397
2017-09-28 12:00:00,Zone 3,11683.75894,13665.266725089303,-1399.3007892299192
2017-09-28 13:00:00,Zone 3,11534.708888333334,13660.377316613447,-1503.0352968999723
2017-09-28 14:00:00,Zone 3,11291.521961666665,13655.515228462738,-1514.678943844703
2017-09-28 15:00:00,Zone 3,11120.898874999999,13650.677195919236,-1886.8150050480435
2017-09-28 16:00:00,Zone 3,11040.490296666669,13645.860288148764,-1948.8727601193732
2017-09-28 17:00:00,Zone 3,11534.708888333334,13641.061950647709,-2129.7425888098405
2017-09-28 18:00:00,Zone 3,15746.353421666667,13636.279918434497,-2679.3448802506664
2017-09-28 19:00:00,Zone 3,16931.88968333333,13631.512211248102,-2452.18421970469
2017-09-28 20:00:00,Zone 3,16834.811031666668,13626.757134510566,-2268.8539348217455
2017-09-28 21:00:00,Zone 3,16165.066393333334,13622.013262162307,-1975.4654980164087
2017-09-28 22:00:00,Zone 3,14512.768131666666,13617.279416719139,-1923.148320754237
2017-09-28 23:00:00,Zone 3,12884.004085,13612.554622378959,-1838.1010380430125
2017-09-29 00:00:00,Zone 3,11647.477016666666,13607.837964580021,-1794.0741060301207
2017-09-29 01:00:00,Zone 3,10524.698673333334,13603.128534672845,-2069.1204555531403
2017-09-29 02:00:00,Zone 3,9900.061286333334,13598.425569481678,-2186.7541568495144
2017-09-29 03:00:00,Zone 3,9745.127681333333,13593.728625695703,-2178.386597392704
2017-09-29 04:00:00,Zone 3,10194.239018833334,13589.037586543007,-1988.931165875072
2017-09-29 05:00:00,Zone 3,9551.9509705,13584.352758499119,-1391.3439191375928
2017-09-29 06:00:00,Zone 3,7845.7201225,13579.674917626447,-1069.0888387983705
2017-09-29 09:00:00,Zone 3,9162.655771166666,13565.696329955072,-1281.7267653679774
2017-09-29 10:00:00,Zone 3,9924.576097166666,13561.060801455622,-1450.4241170869645
2017-09-29 11:00:00,Zone 3,10888.49847,13556.440838165392,-1428.6190614465631
2017-09-29 12:00:00,Zone 3,11276.813075,13551.839056597422,-1339.7458620869293
2017-09-29 13:00:00,Zone 3,11356.241063333333,13547.258395836068,-1222.2378357215766
2017-09-29 14:00:00,Zone 3,10950.275791666667,13542.702124946378,-1382.449351674155
2017-10-19 09:00:00,Zone 3,12542.24924,13155.001684309284,1511.48246608125
2017-10-19 10:00:00,Zone 3,13414.711244999999,13153.495337999333,1334.871394316091
2017-10-19 11:00:00,Zone 3,14056.656536666667,13152.017133535071,1349.4749739005547
2017-10-26 09:00:00,Zone 3,9099.088145833333,12762.19101338786,-1342.8671893202172
2017-10-26 10:00:00,Zone 3,9437.568389166667,12756.989133613317,-1809.2267647046574
2017-10-26 11:00:00,Zone 3,10380.060791666667,12751.753508724682,-1742.3941057753673
2017-10-26 12:00:00,Zone 3,10883.890576666667,12746.486353192442,-1628.869458210409
2017-10-26 13:00:00,Zone 3,11225.288753333334,12741.189958359162,-1255.72791131954
2017-11-06 09:00:00,Zone 3,8887.710843333334,12789.293769686554,-1281.1787994292354
2017-11-06 10:00:00,Zone 3,9515.180722833333,12802.23595275915,-1827.1498801648177
2017-11-06 11:00:00,Zone 3,10010.6024085,12815.048409767236,-2269.8191745578606
2017-11-06 12:00:00,Zone 3,11173.975903333334,12827.723974748882,-1913.6496898382447
2017-11-06 13:00:00,Zone 3,11760.963853333335,12840.256709180034,-1316.1173082018668
2017-11-06 14:00:00,Zone 3,11480.481926666667,12852.642039079206,-1123.3750815180501
2017-11-06 15:00:00,Zone 3,11016.86747,12864.876649665528,-1396.1117915320028
2017-11-06 16:00:00,Zone 3,11239.518075,12876.958443524454,-1482.6644948712983
2017-11-06 17:00:00,Zone 3,14962.891566666667,12888.886535272602,-1638.7755736993386
2017-11-07 08:00:00,Zone 3,7783.13253,13051.314172912475,-1361.587601590103
2017-11-07 09:00:00,Zone 3,9304.096385499999,13061.277910275734,-1252.4040116111191
2017-11-07 10:00:00,Zone 3,10475.180723666666,13071.170800083803,-1431.8448736299288
2017-11-07 11:00:00,Zone 3,11703.13253,13081.000237622073,-1207.06026994302
2017-11-07 12:00:00,Zone 3,11873.73494,13090.773919014513,-1760.5086253676145
2017-11-07 13:00:00,Zone 3,11989.39759,13100.499736122463,-1773.3723599424793
2017-11-07 14:00:00,Zone 3,11050.602408333332,13110.185799752573,-2297.1074535993575
2017-11-07 15:00:00,Zone 3,10871.3253,13119.840487205172,-2224.260056327901
2017-11-07 16:00:00,Zone 3,10932.048191666667,13129.472601118552,-2080.0303026405854
2017-11-07 17:00:00,Zone 3,14904.096386666666,13139.091365239405,-2068.235021989256
2017-11-07 18:00:00,Zone 3,17293.49397666667,13148.706387759667,-1045.0585797469848
2017-11-08 10:00:00,Zone 3,14475.180721666666,13309.757189072734,2060.0017502120536
2017-11-08 11:00:00,Zone 3,16201.445781666667,13320.686658644316,2782.9820018111477
2017-11-08 12:00:00,Zone 3,17229.879516666668,13331.756755829656,3016.306697846767
2017-11-08 13:00:00,Zone 3,17296.385541666667,13342.971989957201,2904.9467012963905
2017-11-08 14:00:00,Zone 3,17159.51807166667,13354.336532131645,2866.6140801166403
2017-11-08 15:00:00,Zone 3,16752.77108166667,13365.85448782324,2567.4781018883787
2017-11-08 16:00:00,Zone 3,16905.060240000003,13377.529954798072,2460.186546124918
2017-11-08 17:00:00,Zone 3,23093.975903333336,13389.367029881718,4485.901588295435
2017-11-08 18:00:00,Zone 3,21463.13253,13401.369832455577,2212.0013922104863
2017-11-08 19:00:00,Zone 3,19919.036145000002,13413.542395090852,1235.537897642691
2017-11-08 20:00:00,Zone 3,19715.66265,13425.8885422586,1192.4521064447017
2017-11-08 21:00:00,Zone 3,18758.554216666667,13438.41172812241,1221.1833992453703
2017-11-09 08:00:00,Zone 3,11995.180723333333,13588.193028197908,1770.5395461530243
2017-11-09 09:00:00,Zone 3,14142.650601666666,13602.886799349375,2146.594017343392
2017-11-09 10:00:00,Zone 3,16205.301203333334,13617.75003625476,2376.2353725142693
2017-11-09 11:00:00,Zone 3,17662.65060333333,13632.77842997963,2688.127931764544
2017-11-09 12:00:00,Zone 3,18601.445783333333,13647.966934615171,2955.7456390804364
2017-11-09 13:00:00,Zone 3,17808.192769999998,13663.309556124032,2184.754048783647
2017-11-09 14:00:00,Zone 3,17353.25301333333,13678.799127120634,2186.320158228842
2017-11-09 15:00:00,Zone 3,17115.180721666668,13694.427202904497,2287.1820601916206
2017-11-09 16:00:00,Zone 3,17262.65060333333,13710.183908569168,2750.82751235825
2017-11-09 17:00:00,Zone 3,19881.445783333333,13726.05787942973,1798.9734835577565
2017-11-09 20:00:00,Zone 3,20176.38554,13774.248665818923,1318.9034790574551
2017-11-09 21:00:00,Zone 3,18925.301206666667,13790.451274220226,1173.2453528607602
2017-11-10 08:00:00,Zone 3,11668.433734999999,13968.075314589569,1173.2231075393574
2017-11-10 09:00:00,Zone 3,13718.554218333333,13983.793220441365,1101.058150037883
2017-11-10 16:00:00,Zone 3,15729.156628333332,14089.557528466778,1462.504495385705
2017-11-10 21:00:00,Zone 3,16697.831323333336,14159.138757987572,-1240.8721691142582
2017-11-11 08:00:00,Zone 3,7693.493976000001,14289.8218350086,-3060.106148104169
2017-11-11 09:00:00,Zone 3,8788.433734833334,14300.032639827716,-3933.882226112124
2017-11-11 10:00:00,Zone 3,9612.5301205,14309.953345030406,-4661.213010278223
2017-11-11 11:00:00,Zone 3,10586.987951666668,14319.582276015091,-4637.810454010585
2017-11-11 12:00:00,Zone 3,11265.542166666666,14328.918340103419,-4844.9705368488885
2017-11-11 13:00:00,Zone 3,11558.554214999998,14337.961287713288,-4656.048355963621
2017-11-11 14:00:00,Zone 3,11753.253011666666,14346.71177474701,-4331.387827106253
2017-11-11 15:00:00,Zone 3,11668.433736666666,14355.171340061697,-4323.317619962723
2017-11-11 16:00:00,Zone 3,11583.614456666668,14363.342514109521,-3306.2249301152133
2017-11-11 17:00:00,Zone 3,15388.915661666666,14371.228927182987,-2337.3822175081295
2017-11-11 18:00:00,Zone 3,16984.096385,14378.835229282593,-1925.81825536816
2017-11-11 19:00:00,Zone 3,17064.096386666668,14386.16695195638,-1633.606287183924
2017-11-11 20:00:00,Zone 3,17071.807228333335,14393.230462474368,-1590.5630151971454
2017-11-11 21:00:00,Zone 3,16723.85542,14400.032854265613,-1224.3717362515072
2017-11-11 22:00:00,Zone 3,15587.469881666666,14406.581663711424,-1092.44771111718
2017-11-12 10:00:00,Zone 3,15323.373493333333,14469.151674087072,1111.6000787275188
2017-11-12 11:00:00,Zone 3,16315.180725,14473.395880043803,1207.3793974091968
2017-11-12 12:00:00,Zone 3,17326.26506,14477.546952917208,1269.6425542691468
2017-11-12 13:00:00,Zone 3,17813.975903333336,14481.616128735961,1547.7657988914034
2017-11-12 14:00:00,Zone 3,17805.301205,14485.614818392756,1615.9337584879722
2017-11-12 15:00:00,Zone 3,17691.566265,14489.554827755475,1614.0176705555114
2017-11-12 18:00:00,Zone 3,20349.879516666668,14501.149892162954,1201.0723103518649
2017-11-13 09:00:00,Zone 3,14717.108433333333,14565.834495836898,1681.4174073724735
2017-11-13 10:00:00,Zone 3,16321.927711666669,14571.129239663576,1967.4670085354592
2017-11-13 11:00:00,Zone 3,16950.36144333333,14576.590481687497,1709.533372924654
2017-11-13 12:00:00,Zone 3,18008.6747,14582.221675268009,1788.3515413660898
2017-11-13 13:00:00,Zone 3,17891.084335,14588.024833060377,1513.0047352818965
2017-11-13 14:00:00,Zone 3,17210.602408333336,14594.000356003773,1231.3683174971738
2017-11-13 15:00:00,Zone 3,17257.831326666666,14600.147003661265,1436.5309450099157
2017-11-13 16:00:00,Zone 3,15671.325301666666,14606.462118810976,1490.0323318258925
2017-11-14 08:00:00,Zone 3,12666.024098333333,14723.611609196505,1312.8246633940453
2017-11-14 09:00:00,Zone 3,14908.915663333333,14731.288506601186,1691.523658467986
2017-11-14 10:00:00,Zone 3,16482.89156666667,14738.91335468123,1923.7186374838238
2017-11-14 11:00:00,Zone 3,17376.385543333334,14746.470082233978,2089.4311178580483
2017-11-14 12:00:00,Zone 3,18427.951806666668,14753.942940647725,2336.022180513861
2017-11-14 13:00:00,Zone 3,18826.987951666666,14761.316428397125,2307.7722152867846
2017-11-14 14:00:00,Zone 3,18119.518073333333,14768.575143906915,1912.4369695909136
2017-11-14 15:00:00,Zone 3,17772.53012,14775.70401035009,1789.7107648467118
2017-11-15 08:00:00,Zone 3,9409.1566265,14861.49496149044,-1828.7523365668603
2017-11-15 09:00:00,Zone 3,10866.506026666668,14863.544976164876,-2290.7365270508017
2017-11-15 10:00:00,Zone 3,12107.951806666666,14865.168406994871,-2700.7135546604077
2017-11-15 11:00:00,Zone 3,12350.843374999999,14866.353743704118,-3188.3571282923695
2017-11-15 12:00:00,Zone 3,12724.819276666667,14867.09052053441,-3574.2054109773344
2017-11-15 13:00:00,Zone 3,12751.807228333333,14867.36933597045,-3992.6629450219243
2017-11-15 14:00:00,Zone 3,13030.361445,14867.181920815601,-3703.692911859709
2017-11-15 15:00:00,Zone 3,12844.337348333333,14866.520916208856,-3794.8671938724674
2017-11-15 16:00:00,Zone 3,13242.40964,14865.379525893299,-1670.5119092262667
2017-11-16 13:00:00,Zone 3,18077.108431666667,14724.321277681905,1140.674203260627
2017-11-16 14:00:00,Zone 3,17870.843373333333,14712.060715604539,1342.943840677517
2017-11-16 15:00:00,Zone 3,17526.74698666667,14699.337438258948,1359.169057380137
2017-11-17 07:00:00,Zone 3,11044.819276666667,14443.162436555502,1429.3334044600906
2017-11-17 08:00:00,Zone 3,12261.204819999999,14424.669458433369,1162.5318863763569
2017-11-17 09:00:00,Zone 3,14422.168675,14405.99347168103,1388.6931638082078
2017-11-17 10:00:00,Zone 3,16003.855423333334,14387.151280059012,1696.9112308546046
2017-11-17 11:00:00,Zone 3,17397.590363333333,14368.158534318507,2268.542292907023
2017-11-17 12:00:00,Zone 3,17787.951806666668,14349.029658073456,2193.3646364245233
2017-11-17 13:00:00,Zone 3,17905.54217,14329.777771526788,2056.4754320577995
2017-11-17 14:00:00,Zone 3,17548.915663333333,14310.414860945075,2081.7147929581297
2017-11-17 15:00:00,Zone 3,17194.216866666666,14290.952095820961,1969.1365364462417
2017-11-17 17:00:00,Zone 3,19409.156626666667,14251.769163389721,2172.4187291418075
2017-11-17 18:00:00,Zone 3,21666.506025,14232.069249909911,2585.5924463459105
2017-11-17 19:00:00,Zone 3,21762.89156666667,14212.309858221983,2754.422876955643
2017-11-17 20:00:00,Zone 3,21697.34939666667,14192.499972320727,2606.5659314487148
2017-11-17 21:00:00,Zone 3,20743.13252833333,14172.647811303501,2375.393875252459
2017-11-17 22:00:00,Zone 3,18552.289156666666,14152.76072330632,1751.5615640376036
2017-11-17 23:00:00,Zone 3,16429.87951833333,14132.84515502085,1473.9221055455764
2017-11-18 00:00:00,Zone 3,14446.265058333332,14112.906786969055,1241.0256000023874
2017-11-18 01:00:00,Zone 3,13359.036145,14092.950613440029,1300.46983009418
2017-11-18 02:00:00,Zone 3,12890.602408333332,14072.980946762906,1510.8617764579267
2017-11-18 03:00:00,Zone 3,12610.12048,14053.001428516982,1507.3121819979606
2017-11-18 04:00:00,Zone 3,12468.433735,14033.01506130148,1369.7452452446032
2017-11-18 05:00:00,Zone 3,12795.180723333333,14013.024371747402,1282.291535757764
2017-11-18 06:00:00,Zone 3,11869.879518333333,13993.031582538497,1376.0583893703042
2017-11-18 07:00:00,Zone 3,10647.710843166666,13973.038694101448,1461.2587618651978
2017-11-18 08:00:00,Zone 3,13435.180721666666,13953.047573301292,3108.6737222429856
2017-11-18 09:00:00,Zone 3,15833.253015,13933.05993104582,3934.447734044632
2017-11-18 10:00:00,Zone 3,17412.048193333332,13913.077224490075,4334.51475211097
2017-11-18 11:00:00,Zone 3,18026.024095,13893.100669487123,4134.640487382005
2017-11-18 12:00:00,Zone 3,18661.204818333335,13873.131274523408,4166.005393163241
2017-11-18 13:00:00,Zone 3,19054.45783,13853.169797605744,4246.150599235985
2017-11-18 14:00:00,Zone 3,18826.987953333333,13833.21631698689,4017.3489942318083
2017-11-18 15:00:00,Zone 3,18840.481929999998,13813.270239209438,4143.535092328073
2017-11-18 16:00:00,Zone 3,18378.795181666665,13793.330428413912,4475.998253418809
2017-11-19 08:00:00,Zone 3,8426.987951666668,13472.695966430181,-1044.5351775379022
2017-11-19 09:00:00,Zone 3,9582.650603166667,13452.350517319754,-1328.8127928496397
2017-11-19 10:00:00,Zone 3,10573.493976666667,13431.942712568034,-1515.1394873368426
2017-11-19 11:00:00,Zone 3,11355.180723333333,13411.46902971458,-1682.1609912698423
2017-11-19 12:00:00,Zone 3,11940.240964999999,13390.926270046119,-1745.2689757122316
2017-11-19 13:00:00,Zone 3,12020.240961666668,13370.311596220376,-1939.8050322956078
2017-11-19 14:00:00,Zone 3,11855.421686666667,13349.62251907328,-2145.4224310161007
2017-11-19 15:00:00,Zone 3,11685.783131666665,13328.856690968541,-2184.588768843074
2017-11-19 16:00:00,Zone 3,11035.180723333333,13308.011836926407,-1793.8947188265756
2017-11-19 17:00:00,Zone 3,15242.40964,13287.085760159142,-1170.8272387062516
2017-11-19 18:00:00,Zone 3,16580.240963333334,13266.076325401213,-1345.0389828317311
2017-11-20 08:00:00,Zone 3,7873.734939833333,12962.018033296305,-1354.8001051206647
2017-11-20 09:00:00,Zone 3,8474.216867500001,12939.509948781177,-1979.6520282645724
2017-11-20 10:00:00,Zone 3,9173.975903666667,12916.890757369114,-2214.0930183983637
2017-11-20 11:00:00,Zone 3,10242.891567666667,12894.162323979841,-2223.060506825459
2017-11-20 12:00:00,Zone 3,10933.975903333334,12871.327592140933,-2149.792508097613
2017-11-20 13:00:00,Zone 3,10997.590361666667,12848.390448756316,-2110.3329781547545
2017-11-20 14:00:00,Zone 3,10944.578313333333,12825.355359516736,-1861.247512648808
2017-11-20 15:00:00,Zone 3,10903.13253,12802.227378923159,-1697.983038951037
2017-11-20 16:00:00,Zone 3,11146.024095,12779.01212180342,-1364.8737155820818
2017-11-21 12:00:00,Zone 3,10564.819278333334,12311.237956994106,-1157.1273327058097
2017-11-21 13:00:00,Zone 3,10809.638556666667,12288.670439224092,-1120.7055878832562
2017-11-27 11:00:00,Zone 3,11742.650601666668,11348.51485973694,1529.2901609510227
2017-11-27 12:00:00,Zone 3,12141.686744999999,11345.288364984091,1352.1496561051863
2017-11-28 09:00:00,Zone 3,9787.951807833333,11276.411007007366,1170.0747192585623
2017-11-28 10:00:00,Zone 3,10535.903615500001,11273.21163197851,1201.473323330918
2017-11-29 15:00:00,Zone 3,11255.903613333334,11185.550458251339,1084.7185235766701
2017-11-29 16:00:00,Zone 3,11999.036145,11182.591636695885,1324.3523140268207
2017-11-30 11:00:00,Zone 3,8385.542168666667,11125.353198142078,-1402.5785510734713
2017-11-30 12:00:00,Zone 3,8939.759036333335,11122.299971588109,-1250.6227232595684
2017-11-30 13:00:00,Zone 3,9143.132530166667,11119.245697915934,-1178.7747255734776
2017-11-30 14:00:00,Zone 3,8907.951807166666,11116.190842325637,-1055.044710173268
2017-11-30 15:00:00,Zone 3,8513.734939833334,11113.136026433833,-1206.5902388511659
2017-11-30 16:00:00,Zone 3,8840.481927666666,11110.081981071553,-1384.3474426767843
2017-12-01 18:00:00,Zone 3,14798.559423333332,11034.975037247232,-1190.1892189764785
2017-12-01 19:00:00,Zone 3,14888.835533333333,11032.4441414783,-1263.6755882021153
2017-12-01 20:00:00,Zone 3,15127.010806666667,11029.95429157341,-1199.2426986483224
2017-12-07 13:00:00,Zone 3,8991.116446666667,11187.687098440498,-1124.0414854419942
2017-12-11 08:00:00,Zone 3,8707.8031215,11154.996017191645,1042.3026025572563
2017-12-11 09:00:00,Zone 3,9614.4057625,11152.864063841102,1195.2346948686863
2017-12-11 10:00:00,Zone 3,10445.138055,11150.708242238858,1150.3077197899784
2017-12-11 11:00:00,Zone 3,11931.812725000002,11148.528153666573,1583.985316681852
2017-12-11 12:00:00,Zone 3,12580.072028333334,11146.323397721671,1789.577552796458
2017-12-11 13:00:00,Zone 3,12462.905161666667,11144.093559679402,1767.1857660084515
2017-12-11 14:00:00,Zone 3,12089.315726666668,11141.838194061804,1562.0575093849602
2017-12-11 15:00:00,Zone 3,11498.679471666668,11139.556798021951,1278.682453636784
2017-12-11 16:00:00,Zone 3,11658.103241666666,11137.248818694517,1247.466164381869
2017-12-11 17:00:00,Zone 3,16487.87515,11134.91367754658,1357.7937795951493
2017-12-13 17:00:00,Zone 3,13836.254500000001,10980.005981755723,-1128.3700503073815
